recoil-metal hash log
version 6
ticks-per-second 10
widths 4148482222444
tick-count 7000
a52056e04ac739e3
27ffc594b0ad38ab
214caba9b39b31af
98730fc227e9ff7
c0d989b589b3268f
490b9f033fa4636b
ac41fd39832629ab
51e020a430fca223
471b529f47e66e03
b1f25dd117b33b43
93aa883adea67217
c018290a4f3887d7
9159657001ec284f
37d8c8d0725936cb
819911a0ba2a09c7
cfb18f5a3816c9d7
7e00be18a6148573
648d251b37b64817
7103baf9d7814fef
95726f57898fffb
bcefc3d88716a83f
f1ab5814a758ef53
e23a016f4160f7c7
e7acfac10262e913
b69dc7976eb533f7
bcc1d3199851c4ab
5b930577c56bf113
7312d1436e8cae1f
c8a275317cec5a9b
a57e19d67334b69d
413cc15d249f1089
75d2ce0c15eadd91
edddfac01ae981ed
6ba0b67e786ab07d
26dae5bf757646a9
ca5d8e7b3b32acb5
b359565605d4b7f9
504ab7e7f8e2dcad
a5347552c23a46b9
b909ca752ab3dc21
1829c04b45150cb1
3ea950d6e1a1a7f5
322cd611c62f8e79
4c8cf6dc84f3ee9
b3b34deaf1a1e0c5
f4ccee9a3c9d6889
c63fdafcd5fb01dd
b290cf419e3c5b1
676cf94e968320dd
504a3c13f8b16e7d
14e495389dca500d
6db58f1bcff48f6d
287bf9eca46b0af1
d35fc371eec4fcd5
72ed6bbb1b739611
916c874eb43400b9
7040a49e36319a9
7f8799577f840915
be9de1eab8029301
81e771eee2347ca4
42e12095e0713461
491dc2f25f71d7a8
28edc609e1b57fab
a9d5624555ffcb1c
ed5db974fbecbcf2
75f4b5d2d7db5dd9
d8e9bdefcc89db77
ff8c43e0b0750c6d
d8e3f1bfdb20b49a
163aead2319b0693
a04fb142fb8a6bdf
b665c8bb321eddcf
a23332f2b9d0c4c6
2c13f89f9096715d
8d8b92d031a8fd8b
5d88704907db9e58
9aa490b7a4f68da2
b3a87c7ae811a304
f8ad02b9eacf8d48
d7eb5de46f8dace7
32f3500c417e2825
e091f207f6725437
95b919a5b88f1884
e51b760f5ed1764f
7a79e095ce7f091b
b0079e3cf86c2cc1
a242e00d053dbc22
f73559074b44a1d4
1b2f88896fd7fbd9
45cdfb9ea4b82fd
5e4702b43afe575e
6b0df147304cec6a
d596982fef918be2
95c5dc8536f129b3
fd2b19c1bf1c293
2662abbfb5424f65
d4e15aea46242e6e
805657b4a7601733
24148561c17d643b
43051545ee30d0fc
d152ff4ba0a8d920
5c0fbbea002d5911
26386f8a9c154257
ce12cf105cfdfefa
1ffe6c53746d012e
f42ab525e488fce1
ad5be7cd0e88879f
3626a1f89cc57fad
4c1ea66d4155f6ab
5b50714c17f7de6f
bf2d3e5302ce3ee6
74298e8d8e32a371
9c93d715ee328e2c
d74c4adea6a4880c
30d95daf11dfe85a
b7ce482cce560dd0
d5f0cc75f21945df
c8858f19d461003a
d4add892b833fd1c
c4ec77f8008dea2f
2ca7da6694613e6c
77fbd07a7a819ae
744310ac29d65073
74fd037d9ad77c0b
8731b3d0da4c99ca
a98a2e3f15938057
77b14dba3fd8e3b9
a53dc8ccee86c673
1739e78b9e2c3fb3
7ea5f781e9dbd612
a35b0b678e43a771
220b623fd3adc111
e13e4df01932b7eb
47b804d8a0a1bc61
604ac45f7f38eff5
e387b2de54c0ba4d
2bcfa5a8d864414e
863eed11354a86ab
e57b2d312371a957
fa51b510ddb9cec6
c86d091261e7d46f
aeee5642e451fbd1
3a558fe12aa97210
504d6d8c9fdbb0ca
5d223c9a2b2134fa
3d93cc34e24ad410
8df4253bfc215f2a
f198436b0617b522
30f2497d6168946a
aec8234d518b4f2f
462ac8b232494dda
5987fc63d4ca5e51
632e772397dc6c3b
674464dca412d92d
fc797e3a074c6cfb
29afc5035c291c45
d6f0481b3c13c64
6395ebe13d126218
ef110984c0fd3bce
de541e75c906880c
f473ed526798cc5b
f182d54655bfd9a6
95c5b8a1a677d2d3
e8f2a86d271cf391
b7b39bd63334558b
331c67852574894e
f4e2c7b43e19627d
60864b295b098d39
64f7435bdbd7e78d
b0c84d5ba030273d
5a76c56534d02138
815a74b3b24e5a9d
e613a5d7d0c18102
149a4637d30a11ba
5d7dbdf3aa74b501
89b97dd0661be7a3
157311c77997c3fa
84dc4cd81251e4fa
f7799668dc7d9552
8f15fe4d4b74a7f0
c99a7742277a1b60
e26c3238154b395f
7e7100c7a0f0fc16
7bef2b7f8b7c77f5
9579e850c94b4182
cf4ae3ae3762e60d
7df1ca5a54a8758d
8778e4ddea6c7c10
5401b5216be3fd09
bde29768cda8a4a9
2603fe77e81d937d
79fa3f1687333c83
1e65781deb0448c9
c5036772c1785c8d
488844baed650247
f4ab1ba53e0d7bd7
3e4e14aaf664da8d
d2f20d64dc999bbc
4e452f7286829b9c
c6966ce94f231ab7
6b4e923070c722bd
e96e6fe9687541a1
96fc5afc7bc2275b
8a6bb15996bf0f9d
7923c41e6e4e6bc8
e097641c3519ca63
10017b0adf1efed1
b386aa332a0bcb07
f88f8fa60afa115e
675895b1c39cfae2
676a7ee744547b74
7fe4cb829e1beb27
4aedc70aa28e335
d2ad986844e2b675
d6d40a43c8564c5a
f0afb02e3d4ae2e8
d3d9c9ed361ba6ee
f9802dc46493b0fb
4d5a703ee870e892
c9fd663d777f6017
6bd32612421fbd12
169c9bdde35dd697
9063e6a63bed1634
fd9f5c63a22153be
22f1c0cfb8199238
d806dd886b6e167f
52a2d5bd2804efcd
67b28e57816a285d
355c64c5ed4517ef
be1a3a72832bf019
e70b974d73511248
670090d6e38382f
9a5b19ebd35d88ac
700eaddcfcbf9b54
358cf5cdb9bfd568
847fbf4765732523
40f46c7b2b6e5b30
50b572e7db4e390d
ed6df689230b8f68
4b6470efe83825e5
6172dc183d7c80b5
5a8f1dd01b370ff5
da0b12a6f4d0df12
ef8aa5db9941d092
bd89120576707746
c8110ee3f22c9a89
c91b91610d16577a
d332463b7ff44efa
b6dab617dbbc9dda
7e58f3f0a1be357b
969648161be5b0e8
7a49f2a525c8d53d
3537bfeb09e79a12
d588fede3df08940
e05deefd40660bf2
3f75a3e8366d33e0
8a7528120ad829f
a3c4d9137cb7df
51ac6c6d90230bba
93585a609c93544
8d288808f9821088
5ce894d5a7d7e2c0
92ed5598958f290e
77373a0988255b56
89272cc2d6182997
6411096658049c68
fb5b2944f127d31c
12d177b9e53bf0b9
d1162e0864c22d9e
fd29f3c8073b2138
78b5aea51dfdc683
3556380d50980c0f
f4e0d18d6f74f1c0
fb596e8a0675c4b7
834646faa610b64e
c2687bc16daeb9e5
11cba2a9eedc90b8
37ec2ab0e44f442f
bc8df28fce22e042
42cc7557a46d7ceb
d082933750b54b9d
cd0f65ba9a5808c9
94f129afd5827902
1a262cb487174220
b8551a74ad0ea03d
d51ea85cc71a55ce
d4fe9e625301a30f
5bf2c31838c9672a
c1cc34dfe5d9c157
24ff86fc81d817e
531d536802eeeb1f
fe5d4ae5a5aa363
697adac72a682a0
79c501594def407f
87495209ee4dec97
ef31b0f34026539c
c728ee43dd4cc52f
673ba8dba241b1dd
f4d76ab154ec5cce
81f3aef610d1720b
9f2313fa53ff1df3
3419fbc08275eb2e
da5bb65727672815
69a2bb0d8b6f354b
139fc22c2a863057
2f352c27dd5edfef
d12443540cdf8f2f
d761b79b2e42c21
de506289dc8692aa
85b67e6be6b2635a
b720f2c1be976a65
a9b389547bda0b3b
839dd379cdc305ac
d966cd2373bb6215
2eb76ca6111ab345
1d0f8bb172187086
1bdeeafa099212ba
2eb6d23ed2886e5a
4708ce62729a45d9
708d84dbccc25b56
c1c584e3ca547bcc
a3f915336b94378c
fe3d9e3b9687210a
3017106ed15108f4
7c545052826e6e8f
30e6162127faeff6
9d6a027d7dd081d2
108ffaeec1fbdf99
57d3e30cd1294522
5a847c45437d7fe5
9a6741a938c9afa5
6525efe0d7d2f0af
f40b747f9c0df554
d10c365858bf37cc
9c9a5e6ea8af39ff
d24c5b770d4d8520
a7220cd38b31cf91
87135c49982aa99d
80e054a3cd368138
d89e40063461e814
a02c0b6e04e1be40
b74235373e07999f
4f93caea1e7f5968
fae5c3a3c14ea108
8c5efff19022c87c
dfd44c1d56745957
924e36ee96a6c503
b63c11df6d860ae9
85c1f42f3cc3021d
2a45d5ecf83ea84e
36e58204c7434780
5a6c120bc5daa517
d9b8bccdb066d870
e7feb401f2ed8901
65e53687e604c99d
9be680b6b9f4478a
8dcb1077ae2ed7a6
745419bdc2c4c04c
8dc82b3351b96d67
7661677911506eea
3f0837dc6de6f404
d4b5c54b6be5b88d
e5fd971a48ca70d9
c68b9601b26d206f
bc0aa6b9c972205a
86bfba362c2a8f3a
f13afd8c0266eae8
74d98b77f48a72fd
cebeffe399e2b05a
7b785edde3a3724d
12b10af9e00c81b5
9a8a49620da9becd
4d4a1f86b36048d1
b2a5db4c8775b7e7
263d28d9f8b8d9aa
2fd1dbd0f36077e1
185d7eaf10a7a17e
fd6b1cdde2475ce0
b1ea575fc7027ea
c262545bf2cbeddf
e8616a216a4115c
6231e7fe1859a2ad
83fd352f5625302e
94ff1d4fbae7f01e
93d66554b5497ae
dab69993456f9a5e
60dd0d92d1a27069
49957887aea83bd4
7f1e4857258f9902
ab14e720b5e48199
ada32eda3640d746
e8ccb8d008b99b82
d109a06b78658ba4
ed0bade8f5415993
78a12709e19605e3
e8ea7d327bdd2043
30afe41b8fa3cc2a
6985b586cd05040c
9457b5e35a33df57
8d10210a44d9333c
d62cee72756c20ad
a20d908f82e3b247
2a9fbb204fa179cc
5eef5a2eb49e405e
7ffdad81b4b3a0a5
7f70cf5458fb76e9
5d7be891511c5686
1ccb8c4b48c60e57
ad11ad36b4660fe2
a518fb775424c99b
a5701adc272d1c13
1720e91a5486cc59
bfbca9f4833ea0c3
601cabc80c13aba6
84e4ffdd54040772
150dfacdb12ddc22
4711c4ec88b37f46
4dba942411e88773
ee1b5d7492bc047b
4cbab4884f7722d8
9b8030ef1884ec5e
7eaf51c8ae68423
a48b7c2e12fc8e0a
e8c6c5900ca5850f
caeff9f9ece9c712
7c2f84b5582c411
7f786ebdfd803ce5
f5365a329bbd7833
13f8596e6239b393
ba3d72c661a33a0c
6526ab96bb97f6d4
6174b51673e39ad7
5c1f3a2b1d00d807
dd89b63f841169d0
9c26c83e02f0a490
fd9dbb26457bcbf2
c3b11cfa9045bac3
c43f47244cb50f55
a59cadc378804897
b248d108d9bd6a34
5a79af0ac9f466b0
27b4d261d9c97a2b
5b2fa874f819f0b5
5dd88ba6f6f1f8d3
6caedfdedef2298f
8e12c498d63c0d69
f49f5bbb97d60d15
e77e5173793a883c
befca211c4d9440a
e9fae9523d717728
8be954f1cd492c04
ddbd1a7023e2c4f4
234287ffea127b8b
fd14aaa319643466
9a3ed14914d6637e
189a45b769746cba
4307fd65aa5a80cc
9ea5c1fbdc11a414
a95b2268fdd48843
f1cced1819a3d93
a8c8d918ecc0d45f
9a084e529812205
7abd16a49733ce46
c2ba583b199472dd
e292224f6389c8d6
1420b17669d76d31
ac402d28845874c1
88f22fae451e9c12
e7ed69c67023db0c
8e5e4cebf594842c
e4cb6141d646842a
7ab1249ce79aa60c
bc4a4d1e3e778426
3ffd30747e775f10
1ae7fad3284b0685
124852c412a59632
2df1841bf5beab21
b21ca5ef1fffdbff
125a149acabde57b
b07a5d0e651d5017
af552e2bcff9bff1
eb027b2a72484c84
68045ad3c6456452
b05ccc65af824395
3125fd3c6b1c74ac
d64bc8afaf548c8e
bde46a4a7a1511e4
1695b5639bf3f650
a95dbca75d1eb614
569c7250ac9631
2e6b8b012c89852d
4fbaabac452d5f83
7fbe3836cad763ba
c910412c23b88586
610a81bcf1dbe47e
7399a4fba845906c
efa1ecbd5765afa2
7fe407d670181012
bd4d063c41b4cb05
f356f06aa5caad26
2ffe2cc9dbee0468
e53cd9dfdca3187
4a735b203aef316e
3d5d8e1f765e05e6
4d7f937be68dc07e
66de67e25905978
bec0d632903435e0
3980bc1d8bfcccab
4a8b5e6484795109
5af899bd4306ab4a
40e310730046a0b0
e756157edcc9e835
b06349f1411daa83
ffb452d34b024dd0
3d2ae79b1912e1e4
61cf74a8d3fd9c1a
bf0a303ccc4179a7
8d00084522e73b35
18e888b1c1ba5af0
cfdb882dcd76ccb5
905a5f30faf61cbc
8fa6d15e0b172eba
1b0e6749f8fdb94d
548ee90e7c73d5df
7c020d5daf5b43a5
bff415962ef3428b
fb78217d79c3378
a38070d031d28212
e50485063602047e
94af202464621f59
6f895a6c4855d024
d4812de7428bd3a8
99d4b81000b16627
15490b0acd1b7856
8ca4fd8414b106bb
c50db2feb81a45d6
b3c13c010a55e35d
24ad45323d1a3a16
dc608edae8bc106e
984db29db3708ae6
9d6ed9be4f4a4b98
7501f8110a4c4575
6f3e5d3ae2768a4
56890ef69f74842a
f5521da756b4bf0b
59b3c4d3308cc345
c86ac84632d2461
c41f1d6d647944f7
ac4a9cb83303f108
83a00f68701f4613
71018730e7277dfe
4b51a6829ff0732b
e7b0f718653bc48d
c8271841655bbbbc
2cf5c5930ac76f25
684a2245f461d08e
3376cd66d453246d
db981d2a8036e8c
efcf0d9a03753aed
5719b5397f5ad9b3
865b65bb08c1e250
450a38d5e655f130
b3b8c1bbc751468a
2922c67e80089192
5ec9ac2cd98f9924
77597b2149605164
7f9927c1449945f6
a4bdf0cfd3091081
4331588c0411d6e8
69a1d96403e4cdff
2eadc37865d9b784
3bce0bb3860756af
ff8a681554123149
15d0bd8efe92a3d4
235d6630723257ba
90b033ad267e72f8
8d876869c033e2bd
76993d224bd682bc
f4e503552e5844e9
b2e9cb0e9365e047
62c547d418b4720d
f00454bd6e123d84
4853dd507e26d4e
24bc38ab796ba232
69f2e865dd622089
a8c85f3e0fd01a84
b718561b5395a0f4
b3f9ab92a5c24b44
bc8aa99a6cf25f19
1580ba1208abf065
273ae009ac62aaef
2c47d2b31bb37b37
ea4cb6e4be9399ba
f820248fe34af539
50cc89527edd84b3
85087a9ac3cdbcf0
69b781cc9c8b3ced
48b2cc6c2f9a503
ff317eb5b4f19987
d9df75a294c54b5d
bf079fffc3855d54
a924727869b5d314
1759775176b3f630
965350061c4f47bd
c084a16514f6e2f
296f49519bb79a9
e7e5767e23057bca
815329b7198b98a2
38bb781da013349a
55eb0dc2cc4c64e6
3360f996624f6fbb
9a00b653c32ba4e1
121f62a8828ce038
bf57836452f0f4f2
b5967704a04ac84e
fcea6299682bb781
219c48613c88af87
e33ffbbd34d60499
1ae71e35803f0f41
ef371f3be4406cfc
eb058cce42e3213a
c6ab72ba9730e727
895fbd76355d9a5b
9d30ee9b78bcc8b6
35bda1d047c0fdce
628591ca9a78417
cccb5433d863af2a
c21349aca35f2b53
5092a7c382b92100
137405c7a8939fca
da7f9628e4c79e1b
68e0f10fba55530b
729f7bafaf4703f7
309148f8d65da8fb
e38c2ea738d2c4b0
35494cabe24e52f1
3deebc4398ce0eb5
dd942beccaeab5fa
7a2aac0dbdf4c705
f433c72261638eb2
74cf1f312f9f1551
9f90a42bacb81ade
9c3574fa5a4a023d
a7e30d0a1c0bae14
822f94201ace6d27
a7000fd1d2f327b8
1f82602fc7c11df0
3aa1d7b2656e9132
2c3ec1a27c3dfd7e
34005ef262dd560f
1981b96101ed5992
1f319125247d9f6b
a4fbeb5f8fd1494c
fa23f0cef3c293d8
b444561dc4a5d59a
61bfd8406e78d45
7e665f3e52836772
41170f140db0d389
832adeba4dcab1
4132719c0cb9e989
fefdc16361d7ee3d
f5a68024de5fcf9d
e13fbd8c9b1b68c5
2d07b0a6cee5ff29
79aa4e7e37a5f4af
c9fe6b9bd3f677a0
dc5c5f3b3b19747e
bf9fbce1122a7f13
6553c95246102b96
9407bc782778e5d7
76d906e6267eab14
d3de360b670a0675
3ee07594acd10131
c9a5f4aae27364ef
423f058f6dde7431
2dcaa2ce2397e017
eaf693bbf6beb8f
8bc78a270baaafcd
db3ceee6ce9f8bf9
a34ec40b94e571f6
cc14cdddb5372fe5
df303b138093fea7
943f1d75401065cd
8861683d23b2c025
ccad637ece034875
cdc32e2df6954b7
6007030672de325b
b33b7eb2bda65663
ab473bf250968751
5749872a68b3cebb
afbb7565cd103786
5957334afb2ce3cb
fdc7c707c3d9342a
afabceb4a1ad083b
c1430512958ec0f9
f8bfcdf651e0fbc2
f3bb35d2ed4d0e58
f2e79928f843e6dc
d77ff2cf088a658f
517cfc10ab6984ec
4d2bb3d7a098980e
6fa651a434e60e
bf3210c16b95c7e5
b9f5bff6f5fc0017
410edc8ee400f794
8ec73d9d76b92de4
9e3632e516b7fd47
333a8723b0c4a4cb
5af3b2c1401cfe00
9e8c6b30cb196b80
22ce665c5916585
d420819e923ab566
6c2dad0efa188d75
ba5487f1e54cd7b
c7ad19975822380f
8d1a61f110d20198
ed445a06fa7dc2e4
f99341bb9bd194cb
83a5e65c642c4ee5
9e4cb4ad22f9e8ad
5dfb45ab6bb92afc
f9f85c4e7596728a
f3455f75d87e8b57
5235a4f07f18d89a
ee16f3953f22e166
f4f49bd00aa72443
b10eb90ac65cff38
6ba5d94b3b66739a
367a245fc6b31f95
991845791fb461d
b18d5f0dc2c60e91
ea34b314069366a5
5e76fcd4a9a74424
b044d1052746decd
9250ad0ca42ec4dc
31a1fefcd61e63ab
a2469cbc049c0a93
a751b320b1a88cf3
defe4ed0ecf9008c
f28b283b34d22d9e
1a044d150f53360d
a8ebbac2402dc808
b64796c31f2f6c50
5f8259de2f76dd6d
848ffa052d2f5ec
181f7c2499b937ce
81c4e362fe694ea0
542fa50e20287254
270de54046c0e28e
6aaef383124e5307
e2b4a0c0a288f6d3
564b8c034337d1c3
2781af3a4a2842b4
a25e8c1d49f544b
d79f2b3f81fb44ed
635423be9359efce
21ca9e9aa0b1ea10
99717fd3afab214f
e1bed2e59268897d
3c0069fa063121ff
22fa5f9b142cdb3
a4c95130e6c80bec
7c6bae8a8ebc5ea2
6110490a9483d7e8
ff8c790a9a38efa5
894bafb2cd724468
1acf2d32a6b1fd06
af526403348d85f4
c11a8ca002cbaf91
386af519fdb37175
3d6951ebf41bf92c
689338e1adea2798
1d59e0e76692936e
7f926a04070d7ad7
14641896b73af76a
88e4aa2108c6c254
93c6597b61eb1a1e
7fa9673dfa0387ee
9317ed603866d588
62aa492f9e8e9334
2588318d692eb54c
a99c45b8a7e216b
5d69568edf219ce6
401dc2b8e0287a0b
a6380de19bfbb567
1df7948cff501a73
b857f140e1ec54aa
36001013014a5fb8
7ae719fd8e6c3afe
c2f0c9985aef127b
6188c587384e52c2
41cfbef6163c3228
6a98bea10e2688aa
8d11aec844f3479d
21e22d3912a74ebd
c823df0cd9159367
aaa708ae7cf3fa76
e75570032cb2f99d
57c9b0ef661022f6
4b2265d62a95bdb2
286ba82a541bafe7
5c53ca781c8f6f7f
46f87290e0292321
ce3af2c58ccfd845
2a31e5dc5b21954b
831022605c6123ef
f04f97e088ae7525
778b8541952807a5
89e35159c867b113
310ee792a945cc36
53f06d7d8ebf99bf
4071a28909a4ae6f
a606c909b973b894
cd3673b734c6c7bd
e380bf19552fba8d
965a1e93ca03f4ca
33e4dceb0016fbe1
eaad81f7ed0315b2
773f19fd99fa6a5
9b6b2b4e94ac1bba
b52ffbbc6b750451
d572075163aad28a
a89d938c8abcd5d
faefb011fc0fedcf
9fdfd78b0919f28d
8e7a2600e2d55065
3fefe441e9186584
127a60f6b35a613e
5a93f75bbadd1b65
b32336cdbd84ced8
8f34f01664b16b0d
6003e9f49ad76da2
7a1c49d1ab3f9a83
e061c4b6d4ce5fd5
747a1a8956390ef5
20f3c19f2627de8b
ded788423ed06d05
25557f91ae81efdc
bd3701611d340b08
41a3fe61e17faf1b
214c084845984efc
f91fa29bbaae9e49
5166d09ab8b9d748
886ca126f1b8ea5e
b07aff731284ab2d
32203d1a6a559edd
4d18ada9ffc374bb
b01951016b166e4b
8c032a7ba4fb9654
f462e882378ccd65
4d9ccdb7607761d7
a02a8f7fff782ea0
eabba009ab32ddc5
5a96ca8ad75e6b90
ad5af598240ebe9b
8881470729528038
58c72d85e77c23c1
709971e8c5d04e33
6af33ddfd668c12f
49bc56d5917bb5b4
487333321e39d486
4e06e22f2e4e95d0
80a855698416820d
a20c93ec58addf01
2a2f6a8f59d936f1
c8c1562bb1ea6ce7
46addfeb15103655
57f66b210b5c0ed5
a13448c337f47b94
4fa0b4662b9fd7a5
384d5d11a60aeef3
dd63f1a3a07bf860
feea0ffde3cc6a1d
3bc263a1c0bc70d3
c6685abddf182413
3bc5dab4ccc5d1c
8def3eafac395506
ab2d92c514c76179
32354040f8cfb29d
3697d5c7af583e4d
6683994e351052a6
24459252a50995cf
776834be01119f07
988ef00b7e34489a
246ea8a614c9e491
f5339e59a74a4363
f139a67fba5219e0
2df03f0757ab2818
3451fb09d2112b00
1659f6ae65d5a14
832b06b7617fc4cd
178b7a2370ecfc4e
7c4bed2222b335fe
4f8ffb13621c0f2
fe2c79290d90fe1a
83f473a14f3fa452
93ed336dda5d8fd4
f72f55ec5e172f33
b32e850e1a0f9a8
cd5dcf03b168dbcb
855eb12b33f4f1ae
980b01b8e959b21f
12526698335f802f
7c5040b463596555
2d2caf5c40bfc899
75b7eae1bc57db36
580238fc4f23f34c
5aeb72cb1cf75bd9
54f6289e3f30f5a
71e65b71985bd79
deef26da5b5e4e95
6228cd133e1c4edf
236c300505a94bc
7e31ff68a111e673
53a79b2510a03ffb
932d6abce8a95a61
daeca0f6f882b9d5
1deeb36f8bee0a11
a1df0e6fe22270b9
58db5c6afdf1a142
889bcf6fe439ff34
3094a1b67ede9a0f
a3fbb899fed183b0
fe258f6c8fd2b019
39420361426cd52c
ef3eda5f0ee3c26d
9350f4cf7eab70be
1c18fe44746f0c5b
6a1e7c0ef100b88f
8160abd1087ddc1f
2d06f613acc82b9d
5cb74d09242825eb
51a111e5dd607f23
5563db7a7aee8260
2dd4b4caa7cf3855
2b43812c738ccb61
ea1c6d3c6fe4c195
ff2faa4544ddeeba
6119c60c5bd61d4b
28bbf841a615b39e
153f3850d385f996
9bd6a8df007cb7f0
633ccba156ef6c04
568a3156e136ad4
13b0375c2fe8ee8c
943a42f453641f1e
2136278f05d76da8
1d21b1baa5930d59
2b55b22a14f10180
9d196532f1917ca8
2687f5018ab6327e
2b0d3719ceb93e1e
caee7b9647193e96
642a456563346e32
238108a6822676e7
98f5a17b92fa9d72
42a21cfb7c43e79c
e29ec1ebc29cc1fc
becc3d3d536d125b
346e2b5faf7ae8ff
18bd69f4ce9e25e7
193e8e18aa323d4e
ccadbe1487001bed
69aff8e0c57af240
68bf7f5e6bc40195
7334e3be3e7911ab
db9477e389d94bc6
1f882fc3bc42304d
b30513dd139994f2
ce6e858a9390cc26
dbc7adce1aa46740
d05c8f2b1cf7be87
2d1c9a9ed28838f7
f8ff588d0bf64ee9
6650be44c06951e4
81c14813d2a87d09
ec309b88e04eee6d
d5a910b8b6364cff
71e43babd2a5e3b8
ad70a028a0f43fc1
18a36c9e17d2e0ef
ed372175414cd396
4d71fc03c20e012d
eeaab5041f7299f9
b15235f79ca44d4e
5c112705cfdad77c
a38044c9036f3ae1
9fc61f1d5d41875d
169a5879924487ca
8f62f2a5aef215a6
c6762cfdd379f349
92dba32611efecf5
806f47ae3b8908f5
10983a3d2d6dbe3b
d2827c4b60f00288
758644d9017c038
288c994887c29757
58d704d5a370550a
48b088dfda2654e8
70a3c39b1dd76d2a
4cab49d097bfc1d5
538258f46081760f
12f603217eb9f29e
6ca2cad59e38a7a2
baeba9c3863640b4
71d164ff0f7f9e45
22423e4effe36f69
cbb2124496490dc3
8383a7c12a9e4738
65c88fcca58726ff
1cf863684848c8c7
9e101ef4c4b222ac
5e978fdf91ebc0a8
ac73bcfc86cfa226
e9f137f789888af5
4cad1aa5534fce5e
ce51e26e79299cf2
76c92eb17ec364e3
6ec274d660d9810d
bb5395a68acc8d45
3019df69fbdd2e42
7efaa14fbfb078cf
7349ff61487a7327
3ba80c6bfa7e4a8f
69b6e2ecbe5729ae
937c1b9e068cedf4
4bcb82d2c5c56aba
bb6e02e65af8e4c4
233de99f7df6157e
bac2033d3984fdba
a5b2c45c92f99ea1
6a646fe72d68c100
4a7901d2d95f68b2
993627baf1a2b17e
89fa53e4f9cffb18
349b6d473e9f1c78
62d751857e6daba2
86bf0747533e0699
b6453da8b61cc378
b7e68ec9fab42015
42f7032c3ea1d293
1473a5770f482859
114b7caac03bdd9f
5f76b3b99a3f666d
b3f00b756c04f257
74ba019acd1249bc
146455b6c5da2bff
e552e6a16a30bbd9
c35519fd7438a41b
20cddba0f239d972
3365a4c07403b10
103f5dc7ca20e448
3445264b7b519efd
29165a1e156068cd
1080b4a525e44ff5
2eb629b1d1fe8974
a7d26cb003d71f4a
ec4be5e5880c5e4e
d41f25ec776b6aa4
4878162323b154f8
98dc6d8bfd1cece2
4752ccd7e35a7f7e
1f5fef77d7f6bef4
a23f800c8f52d648
cc1e79e60fb8a0b6
d27d04bbb53aafed
16511ec96fe235
a77956ac43a1deb4
35c8073a56745313
bc8278633dd3f920
63aeff8f388a9a7
17c42023b88c43de
2b4406059372ad92
fc516473ccf607f9
55c18e1c6b01469a
e2711f72d5ed9f21
d26a8dc44f2fe31a
2d86de51004f08a5
6e058a6b82a74072
752af5d4da69fc4f
1aa285a97ca052bb
6f378b5a967d50d5
6e0b654c72d16fff
17810aedc46e5f35
b7dfb43b309d15dc
ab0f30e4b9276f7f
8cc76ac93ab92eda
8a970f02b230b445
359d43ef9496aabc
6a7dafe3c59a46c
fd8f31facf9e510a
99267c8a3853db35
2ebde643b97c9a90
75a7908aae48256c
7e5f1be1b48a024b
aa7e539c11f739b
5dd8d34be9fcb488
c9b455d28bb53b81
4396a6d64be88be0
b421dd8ba9f05390
df1776f6b2229b9d
a38904ead8b24db9
ca5650f01de5394b
36be0155555177f7
8ada7fef29a44a06
89b55ea2a3f91c8d
f515480c0d63b128
54b21380a9106cbb
d0967de564e4a86
e7b63cfa07f8506a
c3acb73cdb18544a
c2059cfe8d871261
c26ba38258aa2368
9935d6ffa0014958
14e7e441cd58f64
795a0aa47f5ffbb9
90d1514e97a5fa9b
6078dd76e87aef69
bfbc71f93e7ea976
a05f2667b8e7f410
8910e73215efddcc
4a453c4f412b828c
f7e5e00eca0fd141
ec0124b656f504eb
88937247819a7e92
cd170259290a990d
4a77e669ae2879ad
741c01c04fc48e1a
d02195802185b209
faf0b113b833ac87
6d6444d9593d25eb
cfa9b8510bb9752e
fc45d9f2d27800bc
500ee9bc40a605f9
ab17d4b6804787f9
931899afe0a60c0
e15285ed1e63c254
4dd578dfa9d56061
11e674eb972bb36b
dc41962696668304
5d28656a05e00d73
e8c18526e68dafb3
ebc0ea78e602e4a
dea5ccaf77a3820a
8f657331cb5aed7a
bcc97b708321f426
5f9b7dd8094de590
cb1da57b0fc05f49
974e7999153e8a99
d4e0090ec6c81bea
c2d402858d89717d
f97cacdde56e1a1b
8b01b694807e02b
c7f03ce9ad511020
5a3a4f18953f0eab
2e2c4a14878d1936
5ac9b0cc382352ed
b8a98e74d34d4bce
436726ab55b15cfe
f3fca839a67de63
aa989b5977f70919
9a0813b7847fe29
ebcc3fc109f90100
5c029d926ff3062d
eb1316feccecd3e2
587d7b485a9d4165
d8ea6a9c1fec2168
ade5b67970f4528a
7dc5c4339b1989ef
4cfa9da2eb5d44d8
92a43a3d5357b94a
ba557f5d43f64869
7d3e3991e0c64f5d
8e3e49cf4e2186e0
76621d72770a5538
61a3866191dc3f44
6cc09f1f38cd0ea5
f837a34e3b1a074c
246d360fb2f71059
7df745b5a299818e
e81f4caa733bc151
8535893428b5ed39
7f11b652bbe4283a
eba9e3dce5aa50f3
cdf918fedeaa391b
100483967c0b6b85
2f822ade0f982efc
a09428c3e19d9c4
55136c38fd406372
f0138bdd000ea2a6
71962b87c5da677c
d4da8504af4c2d9
c7103975813b43e9
2dd29b6e800a060a
9b51ff578bc07ddb
7fc020a38af1b2de
eb615d7e88503658
1c35a1fe21ab35f9
c7f1f17e8aaa94e6
83623a597ca8992
ebf5ae8c4b5fd19c
145a675a78b20f0f
cf44ec403919464b
57bb46d9ede90836
875f46ab1d45b143
5bfa9eae1e60cb31
1b70d55ef054f1a2
b1b294c1f4b71f8
1ceaa672e1162a12
63ac3589b86dff0a
5e1c7011a23422dd
f04f1fb0a2e00b91
801aab41119144e5
e4ec2bf6c3251592
638473f63d6b7cc9
746696bbc3a7f40f
b28c24f50d5aafbe
e1acd48f5e1eff69
9e967076042b90ac
2ef2f8f1314bace3
29487b6c791abaf9
dcf72b8413cbb65d
749b6cc5e74ca3d7
5c4047a403acdd01
99b7afa7f84f830
4397d05f3cd0304a
6ffeb3b0ce17cad5
227ca22e805b98d4
1f014560abc667e
664ca9dec5e424e1
b98c2dd1df6822c9
4cb4079e59481117
60c0163a720a8ceb
b87a5fae81d86455
9f711c2a97e7d348
eb7ce1402aa25f81
17674cd793d1b1ae
45bd45c4275dfe91
d803d6d8fcd2ea68
bf789a9711de19d0
ff074d9986afc0c5
3ee0a1f1a3db0820
93985d38a46ba9dc
b2248f30d110ad60
d92aa914a58a1bb5
eb0fb35e57fc289f
2cf4d3dbe8af9781
462d56f0c84cd13
60d2bea89f3840f9
479bfa6ecc7886ef
a45fa87cb938aad2
30676d92d6d8bd05
b596d234ad49a576
36a7535945d5d8a
60685d33fe4f29a2
415031b53851c56b
152075e0cdc2f5
582cb3a0ea816f91
46dcc33d157d4504
c72f5efe16834978
43c76b624cf145bc
38d6964d6d90d3ae
334abcd7b756cbbe
aae3db97ba0d6f1a
9e5452c47025ae15
dd8b2a7490ce736
7174025d3f1fa90f
d8cb9614cb9ba972
2c0618b70ee5c436
cf2fa7c18ad73403
d61e138f65a6a917
5c7609ec320c0c33
e148b8686158834b
23c92568f31f964
9670a26f4da0cba6
e62030dac8a5dd28
5e34aefdefcb2f86
c90f73799dd08b21
83f146a079e86fcd
dd421d2be2c79ba
2a3316a7591aedd5
5e4be32452b50dd4
3d4599f76b69ec25
9306b51ebe6e2c89
3aaec5e972b411df
8f2fb78905a92c4f
abb0706ef47e9235
9fe05242151a43c4
d5b3d9788b8abf78
6b8d0a52f218a554
cb8ad9b80ee96064
398279cc2dc12aa3
3215f076c820afc4
f113ec8d7fa96e4f
a374359428c81d72
cdc6a5804d1d0c33
b6340549274e3ed0
9e72f400259a4892
9b1bc1b5b69995d6
ed558e5bfab8a09a
e2873404660b37ba
c10cd97f69282012
32fd88ad56bf1ca7
a1bb0aaa54e17061
e25d632f47eb5def
866794ab2b0ed180
4572ae252f1f0733
1b7472f3355f969b
42b38b91ad84f2f8
6e0c8113658ff049
e5bd02828a1cbc6c
945b587ffe26080
49cf1f543a90f3a
fa94183b83812a
40783f4be8b0fcfc
6dc4d4d46b9b1368
9419f47bb30785cd
47e75cc467eca4d3
9d330edbb1315f5b
c71f3cff384cd5eb
1315445ba5872fff
df51b1f128e78309
c017d879ef388644
2c24a024fc9f8755
199d875c0a4e7c96
d7edf389f7d2bbd9
8b80e8a8edfba48f
e7523a0efb900838
beb5cc85538c5cf8
ad091de199e0b2fc
bcf6c3301edb5ac
a749ab31ca2f5447
a3784dc16e4db90e
2cbd34c78bbff670
e1adff15752ea501
cc466142e6c1c365
567deec13b6b599a
f87bc28772ff883e
226a065b565876de
bdda976b7e73f030
b0324dce22b65a83
38043f9bacaaed6d
f8e301cd87c22ce2
8ad940a88632a291
68c44af33d7e6208
bbe541bcd768173a
a09b10d827c5d15
e8f5c38ee7cfbfa0
a7dd314bc563b11b
d93f08acbffa94e7
763437cdfb87e1c2
dbc9d70140d06980
a7421f07795b91ac
43ebc54b74429c04
5b230bd59f67f4de
4f7829ac6b1b231c
c819d550a7ae1b74
1ea9cc42b1e88fae
23648502a8f5f962
22a43dfdc3e6b595
d39fd29f54360c40
2de541ef0941fce4
b7b0b65316d1775a
97baacc500026859
43878365ec67a424
a9c498eba0f05c30
e8ba8a6f4e3af28d
fbcec506f77a21b0
f6bb2dea22ae955b
e1c0f22b544ae173
50579faeaf1004d9
da33b48e2da3b06b
575ee9e29983ce6a
9681cf83b934c78c
5c70a1407e467e69
3aa02ff4587f4355
a5a4bf173ed38c9d
8fe8b2e20fbca25e
a23381e72f30c4cd
6744850c76189b9d
d9a5ea0b22f2d53e
6d004996c187c013
aaa21c6d66fb4386
b7a88dbc4faed9cd
a1649e131f846a18
7227a192b8d1816e
f95aa6d569a33c3e
c03082c395d17aa8
7349790026933f3c
acf5e45976b413a5
d6d21e506854426f
7b02c47be1fb5cb8
f4abb449700c0905
66a901fd99377370
eb72a7555552558
a7f05b5c1805b345
47929297ebb25e42
98118a9e62b369f1
5d3abdc9cc97ee6c
2f034f2c6c09ab5e
d95895fb0d1fc8c
f78e3cd88cd93b7e
4c1ffa94cb8a4ab0
28986d47324f988b
a03b1e50478343a3
436af35a7c923ccc
26d3a56c5b0eeaf3
5dee5e53769256aa
d7cda05a49d1a352
af7b5941a577037d
212cf14f0c68a338
144bab140b31cc87
6b9da20bb2242684
89fe7866bbb6d421
48e0da15073def21
63f5429c08752df3
3cdd0e1809515a5f
cf041f23a05ba9ad
95644a9301ca27fc
29beaac647c94df
50c84694138c3812
5afb71d0c6651c77
857a3134a95f8be4
3140f472d9a6476
e780788299e3cef5
65f520ff66e00e2
5c9702962a231066
ab29dc9f6d36bb3d
fa6546f4cc888be3
db2912b7d955172d
479100001b578d0f
5e2816baade3f0fd
cd75c0e8fed97fac
b81206bbfb4d4dbf
8a277c3ae26bf4cc
3ab85b0dbc634dd5
6556d3242688fa08
df72e16fa9183648
d2bd12275aef1df6
24a06b8247fc042b
84cc4c64b44eb7d
cde62e4b944fe98d
e03addf6ae3cdfe8
c1ed1372e7bdf76a
40bb5e044133ffaa
2e2a4a59912ceba8
a9b350a2a319b124
76b0abeab4670cc5
83235d9da842df4f
613740f73adc2e86
aed39bdfffab538d
fa661cc1071f677e
ba0e4590915073af
a501e401c9ee688
b05af8a418072879
fda9432aa1fcae48
2365b0fe22cd51ed
69f5d467466c53c3
1deb7fa7fc2893c1
c2251a489d2e2f83
86e9212a812401c
7ad7a6ddaa282fa3
6ab8c40e1aaf70ec
8081f857b37ddf4e
c151bc33ddec945
c02db02b48874d5f
f8cdeb80e54b1f94
a6755516d1d3a556
6e60d356fe9b6e10
830ffee1486e954e
8e43b0da67922f51
de2aa12b0667f9c9
9da6600bf212e220
9ca7c234eef4bbb9
b7178931eed7d356
3135c4646d1f2cd3
374e9c9172be6805
5546faa9f0c18b23
a1ed55ea965dbc8f
d6291b70c2cc0e0f
630c3743a4c272cd
db68f2ddda5429ae
6560be031cd0ea10
91ca0936e230d80a
71699f9f71034d5e
222e1b4e3c2200a7
f17ddf1b99189085
86d4be753a0ab7b5
5538a81ef895c6b3
facf4433721c22cf
c158701f79abac36
4397565cbde820a5
226759aea04257c1
31a61e15b605dc08
616967bf65eee5bf
8124ef2c06ac915b
a9554993f5222f14
1d2b3e8db4efc013
96fafa0fcfe6f555
477d4b84146aa351
622b2d4145736c68
3000f99c7e34be68
7b715c21f0bb68d8
28c58f9608917a04
f0f9d4b2de8fc948
7841f3950ec1140a
dde44a21ea16daf5
1aebe614e72e4538
da5f820ab1597d61
adeab5d445822e
90b36a7e007c129e
c256a615f897c945
913c59a19edbd5ad
c00d9942ab04b933
b3fc9d3ad29aeb3a
776d2a8d1fd7f246
18a75a8a888d5f8c
4ad5099c6f223230
5a477b6a7424b75f
5534e52253e3d943
42d260f87a99c672
b7789ca8c54c41f
b6ff945357176f3c
baf217bcb942f473
88e2dfea7212c1ff
ce0bf3544161daa0
42b17a7bc2f690c6
cc4f2068c1eeec18
3445a56e5e8c437a
39894c29c5f5900f
6cac90be528b14db
94d4ed8c585c5a24
d041a43b372774e4
a26c5a0f8c4f1191
ed17ba6db133f7d
28e2e295967e9875
ab95ed8dbf1fab90
b30b8d3dd4b3f917
4f721eb050f25bc4
433aa4e8b03d8f14
e12f574be09e253c
89295e06f0179866
e1d1d3b15469d2ca
5dc56d4a2deec923
cfc9b22037a8d619
dd6ca60f459ddcd9
b0c12594851dd3b7
4667fc010fbc8ee
c977e8d8a76bc85a
ab26d2c3d18cc64b
cc0ddec15048e7f4
b3ecb4186231943b
46ac87c73f16f53a
e5f2faf61f99d45c
ba3f162ed9ad34e6
86186eab5bae2fa8
c9e01ac9a205cb7e
fb7db9830b8bd6c8
fdc26564768d17ed
8c96bc198650eb53
df66d1df7a661ef
e5dcfd7770d6cd8e
9685e57cad5370ef
b57da94e53d4dfcb
182665526c0c1206
dd536ef7feb6e29d
56541617c60b7e
e3a6886b4ce80ffe
58790e4a1df7fad6
9239cd252f7b4050
9bae2f2722165afc
325cdbeafd9d3fe7
df3d4a0e309363ea
d902e3294f8f70d2
25cb61b979851d08
aa0b2bfe239fa96c
12820f5c90053722
3865e3d771507c58
797465c6c7c0fc3
c094a01ebb6cd5f0
1b14eb44dd4fac95
bbe3c2583f09520c
5eceacdcaf833d12
142ad4d75a305e4b
36f72bb82dafe0e9
b938d81eed17ecc7
5cfe403a6e5d5ae1
f989315cfb878ff2
97c094f1537949a6
55d3c1e7cc5c4c28
263f9b9cd917d5ce
26a3a1d8c95d35ae
ed24cfd470ddd3c0
69a26ca9d51fc580
122456d6f17a32f4
ea3d91d7891a6ad4
21a34c895441ab47
ba98a63ef967c41f
40ed782dbd6a6971
9254511fadec7226
8dc1dbaaa826719f
63c9237c2839f3bb
f1b4ce4adcb311fc
e27afdc6f84efb43
4810794af1b992
48b3c04c11a46a32
b5a85fac279b51d7
2d6b32c87e22533b
7cc41369a94b1ca5
f0da8742ee98eff7
2ff303c4d0f96f43
6a31d1527841d07
5d37818c951cad4a
150f281cda2b1713
424081b3a1fbdf5c
7f65609bcc96087c
ade08dcddb951599
27e9aa21d8f21977
ba11ca00c9c62f3
12d8d573ab09c04c
4384ffc55d352c87
3278cec3dfba1aef
b635d53452409110
28aa15860ff560a7
83d44d891801bd86
c2a3e27d19f9e28a
b93d05cd631f9672
703669005a380652
50c99e49431d4b96
11d444e69e85b696
987b91c6deab03db
65331f9943811875
62679cffef3dbbd7
a38db92a6664275a
1bfb00ba0d7faf3b
ed92016fa6bfcffd
f0dac57b9ced0d14
9b2daa39b7fb54c3
5db167649b7b515c
17f2b78878de7461
b65588334d375db4
37d4f96dcc0186e8
501144da8f3dd662
755f153dc17debe2
fef40deef4f766bc
91814949a6535119
22b2e49e35f1af65
93479db2d2f41754
aec56b8b7da29c3
b55ad5e60b0a98a
c5d776c9ddee41e
5aabccd3f5b1da28
c846aecd53494851
7cb7867643819b50
e8e11ef9e410fd35
a88b05c2d5ce8f19
ea7c4edf82a2a115
bd910a9df97deac5
615b3a5d3f953b6d
8b71569e0efafdf6
f6ad33abc868ee88
eded34d2a82a021d
367befeecc00aacc
d03b8036d838b00b
80c3bfce7e55817b
3df467ec47592310
aea0e15bd22e102b
2415b377538cb9fe
38281dfbd63b294e
c0782cce24ecaf4b
3201678f288d040d
d61cc55aaed3dfa5
352b21d1939851d7
688e0be83b3719f3
3a0203dd287a8d5a
27cea5f43b789d73
d9f5c3faec437ce8
6c7cf6a7742a0abb
27ffbc8bb2a4ed97
d7ad1b4ecaa87473
18abab3da337d762
1c0b55b42fb0380f
567d84c5cef1fe81
439a08294e7718aa
dea3ad8d70e216fa
1e1f77f3e1082352
eaa5b96b3451481e
a0e69b903a300b2
c9b4fb6fee3d28f7
fe4487cfa599eace
8fd905fe6c17564f
62b1307b26c1fe17
2f34aa6c9588341c
b37b5ed06ebb3264
282b6365bd66a4db
f774ecd210fbbd2a
fbc7aa9f8c4242ee
9dceae68ca5f6a0
2d7d6340ed507165
8c75c5d01eeeaa15
2c14415f897e7c17
ff0cf8406bc348d3
20ef6e8eff25c685
29e66c874c6676f8
a1e9781c5dd62854
44b9243c606fc0ff
25bdf2e8fba3bfa
fc4bd4aebb43f1ff
7800e06124398fed
94c03769871dc3da
6c0db1a8be858769
a84689b46586d70e
8e057b97c62406c3
51218e1c32efb203
52c76148be859be7
b914b26ef7684abf
96a845073a2fc8df
714355c063cd719c
3b475243b7a170b2
5db696f201a4b8d1
c42a581bbcbb72ad
46a89c75a1cb6867
4f452cf276568683
300114e12074543f
e3fed408e3135c12
4bfe843ad3e86078
ebda6250bfd61511
cc4a4342919afe1
94d9a129e3d0f1d2
1376d8b44712ffdb
be35033c619bc8f1
275dd69fedde9ed8
50e7061c79a9fd5c
ea3ed2f744794808
430d57abae8d7162
d4128b40ddc1d26c
cfd04cb64d977c28
686b57bf2a360fd7
7cd59d17e9cd26ef
64d45434c3a77dad
99a816778a5048e4
e09450453887fc3c
fbac07bcf8c8f4d7
25066413f644f4c
72bb7850cb2405e
ba3cb5d01eacb9b4
3585e639bad3e435
4d77b2c5955fd50c
b89466b4c05355fb
57d4655883a38944
f2cad7ce86224b1d
9be1978700454ee5
4ae440702f0f683c
e64619319d5864a5
3c0336029143e7bd
8012e6f39274828d
a9ed3f34f1bc8b84
3063d5d72bc4f9b6
54e29de97b8eb18b
ee0c67c7985f69ed
c541b9bf7a968b13
e79ff45c76eb2449
72365e8dde230e40
913669975157ba47
cbcb7196ecaa26c4
dac72589c9a1fe65
8005310ea9fc6de9
8b78a4cc7f817f3c
1576ccf2ffa73a0e
ba9e4f0f874c95d8
1b7cc84ea8dda232
84029aba7bfac410
cfd6d609fc05c94c
d6e6a29dca51fc8e
cad41a101a1aca6
fb5eff59a00a64be
9d51020216141081
11c2b7d8f0eb5536
4e19af4d4229d2eb
e72b890195481022
366e3d02b4c6e2aa
30c304b0a6ba50af
4ad76f129f8cfdd3
bfbf7a19edaa466f
f5aafbd8ffb4b717
3f5c1bbe25641d60
c50f9ebad1b28646
94602c40ac8d01e4
77af067f7b7cb8e
3fa1f0d25488bcd
3ba3ff201e0eef5
8be0de859db48d19
2ae5dd985508a182
837c5928a17cc8c7
7e9fdcb646f1edea
d5fb2c03d5188e86
8218cbc4ff3ce108
9ede691cf2f6efb0
f0922419bc9b8dca
5c6ebc31e12e73bd
6a3a4e25ae60f4c5
2450195ddd38eedf
c65be93377326adb
7e3a5d859e37ec90
caea49fefe2f5e74
4f8fdf407fd83d4f
9ec0a7f91cf6b542
329368157e137533
fd1e142c4ce32000
dd5d3cc2f40a7bb2
85835ff0deaf894f
522363e4c8be7687
4a2d28a9c49d4183
be629d77e8dd7667
9aaf9444dc03f28e
d31c13d6a7b9610
dfd7a291caa79486
feb9e2b9f1186571
67bf914a3dd85432
13c38d35423e77aa
4d4a6f6c1fd68155
cc769dfed901b588
643cc06c699d3949
9d1edd9302a2e35
8fdc6ebbafed8f2f
886d47b4cb88e557
5cbded09018d09b1
6da9ec5d231f3f7d
70ca82e1e83a214c
d0d63c1929856c10
524227342ff4facc
4b378b7562e94312
c9f13e1fae4e8d42
3eb69e0d0e6b57b4
fa4b48d2870d3271
306703b8ca410440
c7aee2a86daa0c8b
3926a2af13291a24
efbf388e4728135b
510bd6a1501d58c
d020e5f91de0c36c
71606b8e0f149488
72647b32db3518e4
ac4c7ddc307629f7
af3f9e6b27963c01
b29e939e7472708b
b38952c908681c71
bac0f4e9040c4044
dab69023114287e
523fe8f0c4340017
15cd293b0c603f7d
effab3d5343735
1218933c223a0159
855fda3d4ded4db9
54baea5c7b4b9016
5e299df3f331b073
663f126c0d3f290
72a0b91b061fb2d4
87e157939157e729
22808792e1f66954
b0900cf540875bd
97f8dbd4bbe26e19
c66cb7b22e62bcae
9578a57d82380af4
de99ccdc702a8040
262769d0534caa18
6e8627bb876f911e
dfe9eb4b0f240281
f44d515724da0882
1a36d7c65318fe3d
773958a9d1fe2272
62e95f6350568269
665788190a9f3673
6e0358d9246194ba
f99837ac4439d553
7b44ddbfa3105248
6f3ad04916a860d
92e74482828c5d21
296e4b421d0040e8
e187be68b8d1e2d1
f2ab920837cde62e
f86d2ddc3e127dfe
edf0f7a56c756e1c
6af96e3b84a30e56
1db477177a719db0
6064ec6bd6bbf6a6
2228b27394c87c37
f94a899ea2c006d7
9d8734bbb52e24cb
add4b0ba66b4d04a
60a8c507bfc094e0
61d5849f4a4ac392
6d003307d5bf9119
2c46f02b6dab3d64
fd9213332e115229
3b984fa246067452
edc84f02d0b7ca7b
53ece0e42dab5421
cd865357bed93c3d
2180d5436c68367
f0c8a1efec4738ef
c3a1d73e81880cde
a4a89596aac9752c
708f5dbcd4e7af83
d1db1c61ebb74a6
b214dcbe26053f23
5e14ef26fc516c87
e4a9f14557410d46
eff4fdb16aae35c5
91b2edf4c6cab3ea
8a506efb6bf6aad3
ccb0967898277ff9
c38397d6a5d5ff63
837b7334331ab9f9
57f647b176d61c17
2089cdc305f4a21c
a0fb58b90337fc00
c0382eb03d56ccac
3f721d4d4f45db43
4a98d705aa700a1c
4dc47ddda504afa8
29a3bf6b86114b79
e91436f569548258
679b4082d233bab3
64e3fb6990d88959
1a43d11a5fa09334
cbcf927dd67bec44
658cab283915789e
4b55748988028d2
9df929d62534d4c7
7f3c9dbcbc5c028e
e4ab94990fa13651
7c95bb23657df610
e8d1f0758ab87cd1
b1049127b94ea122
c95145b9d7319ccc
2e19f577735c2e2f
ed669137e3330778
7dfcc07473019204
f29b94f81557904f
5d3a1929d1a7bded
3e7278745170f51f
39beb068d16a72c1
3318e66e75672233
4578f728a1b78722
5b6eec3ceb563fc9
c1655fe62f3ac172
207f2bb975dfc86b
cfc30db533281742
8eaa69df6d6e3b00
7e71b48a6c03bf81
e6f33d13a1bc3a26
21bdbd9509123730
be9fd3964df30f58
fa0a2c3e37e5a749
83a73a972d4d5b0f
6d534db2c4781953
723efec7f09428d5
655599bbc5293d3d
87bcb60f440e33d4
7fb346f1e3e11486
fffb699f4acc5937
1589f2613f1eb894
83e88901cfc37af
eeac3cc2a8f9dc89
7ca7ad9ccd04e98a
4a5518e41e498f57
9c74cf53d458b40a
6826b84ec50f3ea3
a8ffd4af7f1848d8
4a05b12407f11b3a
e667f8c6ef950ba8
d7ad4d72d060370e
1c287d69be871435
13a70601e1b2a0c1
91f3e286f66c5b70
ba902461d581697d
9d3756aa6f218d96
f7fa30f48042ff50
bc3f9984af2abca1
a23ef31495356f2f
d12f86d6bb9ce6a2
8313630d402ea03f
17f89dedcb5f04f8
8c36e016d23cc7f
30dacd175494045a
a71582dfea3121b9
24d766b4fa404ab8
c987dd0cfd240084
2c075da162d80e4a
2f4c78cab7fab1b9
f0a5f0d9c386c47
f2281c35960b9234
13e4b48c7b92ae3a
1203156266f2d590
7e2cd0ae814e91f2
8c57acfc9ea5bb51
57abc4af30a0fae8
aaeaa86c076676b5
bfe94799ba713750
90b34bc3b69ca9e9
5b13e201e1868a7c
94e3caa53462419a
1e86a0acdb939604
741b59ed5f8dbf7d
69fd3da4caeb9394
717b082dbac733ef
2bfdbe35cd787763
5f78bfc649466480
8bf13e4478190fb2
d197f5389c4de468
bb3c734e81c6bade
5d09cc642f9a9d2b
26fdc229b2fd4413
b6433344b35ab2df
8c0e4834c0063a7b
90bf427d7e4a7783
898e07974fce6d79
80e2e1729083cb2
4c7be39d0802e0df
60e3aa6569be016a
7de8cea55f6ace95
cfad400e08b63cf9
ca3bbb5384856562
faaea294cc3ef996
96958e2aeb854c88
6efa3f629933cac5
b32e9ecd69aa2089
e33f3160ce29ff9f
f392f3e07edcd97b
a539b5788fd24b19
ed9b2ebe1441a4e1
27818b1d74484d78
976f073d7d5952c1
f0cbfa1afe6d985e
191bb30152797d5d
31d219e4ab866b09
d29638410c5398a
879c4f510dd801fc
54ef38eb3032690c
2574a78ee5d7ddb6
f44d6005e87aa8d
aa7b561ccd0a8191
b8cba959eb496545
4730ab63fd26f7fd
22e194b277a8a0c4
b68774463f3eb790
e2d5561590ad0764
878b007c83124fc5
3d62235ee03dc91b
963efaf10a9a0af8
3a2da1746e09567c
72d2fdfdd7e3cf74
510bb137ea77341e
8dc10b200e09ab72
d7385767975a9847
7e273c3f8e717425
93669dfb780ad775
2c1543f69455dc1b
92b3140893b1a49e
7353bfe79448f4da
c471da3e7d5ba4b7
ad7b59ba411f8a14
54c893f79a4f7ad7
993d0a1a9560636e
b55d682f51a01aec
97e5efca3d9da6c6
aff863de65717748
33355b840a480a1e
102d8c3793604fa2
bcee8fdc921254ff
d0802a2d2c15b43b
82fb6a82057c26a7
1508ad762df07cc2
135c2fa471d09623
b28fddc48c1fa36b
625065d67a2479ca
a71fd8bba5743cca
312587fd50b2a8f9
e91676abf20bf1e9
21d449e371085ecd
2223f711d5401cb7
c4a7d6dc07afcbf
7aae83cd07e6ba0d
1c947feddea1e2ac
73cf04f7b917beb8
39e93fd1bc20eb1e
30a56f8c27f8e3f6
4db2dff450bf8c84
63679af12d7dd7a9
b5199c0bacaa625a
ebd196c5ba06d5f1
96d5e5cd34d47c3c
1f51f70ed89e405d
d8e1dc055ce1741b
49c35596a2c1c0da
f638909f3896775c
2f756003ea9bd7e6
24007aa3982086c4
f9d086ef3716075
cdb68e0a03eb03ad
5d380e6cd9d825cd
bdfb4c33268fca11
9609d8dd169b4ee
abb649d9c601a100
d35b5a9a2bfa6c0f
aee154c5b47a2ef4
d06d7e0374cf7861
c2ae8fc28dc4846b
6f99e4c5babc490e
bb250bf6cad1e928
59035823bd14f7d0
3292af42ca901cc5
9f84d10efa99c90b
e1ec0826100a7625
1672860b5696afd7
22b7b4b465bb2b67
d92edb6f24b469d5
6fc704b866a860e4
7a3c0223fe789b24
eca53504b7caae4a
475f70129289e73e
3d706d3c354c366a
79ddcede9cd605fa
76779ba3ebc2aea3
305bbfb143058b6a
e9aaeebe471cffef
d5771ff0d1ebe45a
bab32bdaff8abc38
59bee3c0eefcdc68
49ec11fc25853bff
50f2241d3cfeb3ef
bfad92b6d76da017
597f3a3b146515fa
a2d582e21b6bfd50
efe0296209f7bdb3
c2ca1ac207117f86
623d85593e05b956
6bfac969ae5eef0e
d55c2b58d0ba194a
41dafa7eb85c2346
c1a70a5a35f66326
859842d6864be73b
b9d794414f511631
fa7eeb88fe8fe47b
7574a784378c3602
745ecdefe01d3537
69e7fe64c62fed7d
1b7e3160c8b0a414
ad5fdf4498011aef
2246bd43454032fc
2d059766109cc25d
37f898f53d6c7978
6c8eda15500af160
87d7bb36a6f2c93a
fd25143ea6b9104a
5cebea0321813a9c
623db71b4d2b2a24
1c80b51dfffe34
eac1deec5871c613
45729b42189a4450
68516725d1a7abbb
a59ffef9f1b4327b
6b3ad0f22ba9dd70
58f68041ed9ed
e8b897430c95e06c
fd12459941a5f2dd
dd67d4c1153f07d1
147910e8df4d50e6
88b4045bc2c79476
46102c6f07c850fa
72d27dbb761e66e1
41377d79e382f7cb
214376f7d2190556
2af9fb326a0f9183
8afe16db4a2d6a8c
c0559d4dbdb67950
4c0b0c8ecdaac033
7b98757140e92834
f069de33285063a9
f284fc2e2a577cc5
318c29362674acd0
78eb6b2b5f2ad822
61d0ca08ec48808a
1cc1ed091c206d2c
8469d4e45416d230
59a101ec940b1cbd
fc210b216bdc00c4
5e6bc1361a53ec1b
f733812e721f001e
e9925a464222e65f
24de64f61d986fa5
50ec00b34af08f08
bd340fe5f2209d11
12c9d5e783a1d7ef
b2fb259743edb3d0
4b42b40e0353c218
374a22c3cfeda048
918a553becf81ec
1fe3e7dcf926ecb4
b73cde18ca786dc1
ca0745801c0d5c
21847b6c364f98b1
309c0f41a877f90a
db2dc86410adc3c9
2cb98192000372ad
dd825318383a8586
c426c082bed12dcb
7d8bb6476cd22f5a
df1c1aac73f5da28
22782ecbe61cd29d
229a8af580c86285
a417a381ecef5cf7
975cb621f4e30c2f
6d200542f09d53d9
9b88cba51d2579a4
531b51a0019af3b0
60ce40881935f99f
477ceb20f20914da
816ff2f4e7a76ea5
147800eaa4b6e73b
be65105d3d1d092a
d76ea2e20da614d1
8fa9ed5e12d6471a
2955439e81f877ef
a433821b91f1921f
5b47a73948c9701b
91a9a012ac64a67
d5f2c90cbbb6546f
da0b772dbc3fd8b4
5149348cc9203e2
d0b94eccd7caf3c5
87865e1cb7a77b9e
3e55ab6f741c9bc7
1f31d15f2e72f0ed
6af0ef56ad6cbbf8
80cd7f8aa3ea1729
da999c2b00fd17bd
973f206b110cc529
665e594e624ef098
692ea1b99797c5b1
5a4d62d7c6b878db
e55781f93f81175f
a7451a34020da247
5af26ca792f1afdd
6d831ba43611f070
51217193bbfa825
5625cd5cb1cd463b
4733f1148c1319f9
65baefbf5a284ffc
48895fe031ee0adc
b823abacba2de3ee
b5a0edf69d516c5a
dbda09ed2161339b
56f59c4bcfb002bc
9c1916d5c466614f
33f7396dbb9c626c
1dbbf5f77ac7ff4b
c833853b13145275
ad9a370d702da87d
ef4b3e4122453865
c13c4459937b7663
9a168bcf06696a8d
d9e52513c2786c80
9ca7f87dcdad8267
aa6dcff6783f1002
8868d04bc9d43d2
a78ef3ec0d375d36
3d4435a98182c253
19cec5c94ef68ca5
1dd507a45f70a643
64c6236e4e6e0015
a2ec684e5b5a7ca7
5570b4a9f2f9e2f1
41b7ddaa06301018
129f032fe64076bf
ffcf515223970e38
b38c0df0e8b1b939
60cb39b03cbde5a1
d1e47fdceb4039a
f521a72e8055142c
ef1b20a90bc159e8
9af435fc832edb15
e6058853f54cbb3
8b183c407320bbd3
f2293d42ea4a4c71
48051a842c52728d
7c1e9b464a57a191
9ddc98df7c6c805b
82b61e977a16e414
ea14927ef4e8f3cd
33e1fda217cbdfcc
a2feb0866c7d4400
c3cb2b8b164401e5
4f4cc805b98d6085
4b2d47c2a357bf81
42f00a6f9b35510d
914830e7d6f1668a
545dd9044f45edd8
e4d8cfa98ba34d2
40c5904376616a5c
d1ccc14e32b4a757
b91f2ecf4b363bab
e9fb2426022a3bdb
45b8decbf8cd4214
c9b63a417ffe0dd9
d96d1fb5b0cac2c
e4cb09054402a7bc
3276ea6800b27c4e
e46b668dbecc04b8
acbc6bc7f1be6bf6
1a454975c8d7c9f3
604340909e5929df
76664ce3c746573d
e18518fa63ae647d
de84524af6ff8d86
df436a509c3c53b
c7541577ad72909c
8d8d76edbc730bd
579169ba8028a280
9d1866fe9888d87
4a77aafae3ea80d
138659302e550fd5
50072ac1573a1a6d
979232b5592258b1
17f2ea9daabc3e25
7aa234ab45de198
fad775f2f895100e
63d7f55756f8c5a3
15362d38fe8d37b8
6b3ec858accf767
ba6fd7d0ac5d4827
91557008983d754
f1be743090a3ccdd
44fc72deeb7e4418
a3b234a208624594
8b0d0c76ccff91a6
5454213d400c5aee
57e88cb76acc4080
b8932ea78b050da2
68c0075a7f7c7fd7
c964b3c1a329c109
b9890a18532e93f5
8ec5196d1fc8c6eb
8a402170a00d8a83
5837b52ed8a8ff9d
3431c71778bb29cc
97eab512055943f9
bbf414703d73a076
1fe15a4e578c08d
2b8eb29827a3c5cf
2637f7c872cacb00
c19ae9306b86f044
46b6f5a260b604c
34e0cb69f6a49b9c
72f8a513cd8882bb
2c4dee649948da81
a284baab287c9f3f
7269049198a23289
ac71117bfaf6d334
22fd3dbe577ba76e
5f0494a038458d4f
43af7fe95c77950e
a5f41fdfe9abd479
fb0c866873512d0b
6e07edc3c2ec4c44
2b9206a380daaf06
4cce105b979425a3
2955febcc95d5675
e7cb195dfddcdcee
9872665e53102d86
69ff5509d1b807b
8652d0df8c133e1d
f238e7b9d17c15b8
fcfaad68979c565e
bc8719bac40f9e0
f6cc5441c85b840c
9da16972243c2b62
40d6e60b7965b3fa
93255b58ddd56910
f4bf86bc7758f0d7
12c1c742262d7755
7e1ce17dc4cdc5ae
6e6f448b4d95238e
7ba064706bb96cef
bccd94fd98f837fe
d61bfa53cf4e6b23
5bfc63a70c6850b1
cca2641efa73d983
85704fb69f935e4e
d18b99e31af97208
d9ab43eb0205f49c
306e6b6e0efa5b5c
131e65693aaff285
2e4eb945944d6ebc
5725c96608f53b2
fce44e3008990b9f
503c67aadb5de915
8b1cf15f8be2a9d0
a747e70bcb8295e2
50c7b5da2bdc341a
82526a7dd51ca0a1
a70265b4a5a15806
aaf94f02d654fa5c
faf8684cda6994f7
c9112b27332fe92
d0d28cfda4a7ad07
e72981e76f35aa3f
3075b6dc36d85742
64905e5ebe456034
4a99e8bc1c3002bc
fa84bf09dd604d7a
f33d704f590dc2ce
6d0ef909b90d23d3
7dd4f6ecbbecaaed
388dee42df17dfa
d887db4c8c756f97
c7f90ed1718a7d52
353bbb984f2a08ae
25d3633ba2ea8a97
e335f8f8240dee6c
f1a478657dd255d3
3742fddb02c6b32e
594aee6a45d13628
1d97811635e0f9be
8cfd20405d2e3bd8
813e146656a843da
f66cf8989b05b2d5
33617a710d9eea3d
20a264867b5e6eb8
9ae352b6b64a6513
80b4297f15aa419a
1b2d058606b34ed6
ef7a482c12b15873
6420c0b1cba4bf36
d9beb186393ee459
518bd0cfedf5818b
4a4e68679ba575c2
10e96c9e5ace6e2
325e382af3cacbf8
9b93226a44a6796c
fc1d8f416c7ce7e
51b17064fa103c2f
46231c4743c61294
7c2a3b7989a6df21
c399434bbb9b23a4
bd4779f245ac6177
b8c0fcd683ef6e78
74334f2f32de6f37
4a9cef031fb6c2d4
3f74317f37754b50
bcc27e7ecd06860f
b7b085b29309d375
150971689ed72057
e4a6f9d5ae3be791
ecea314c67df6407
848773c74cfc3aee
ec821549e27568a9
46679f12c7f78fae
7b9d30054445c9ed
97a9c7576a8fb1fc
c4235371862423b8
9a32905608db95bd
eaa837f8175fd516
90a1891a66c97588
a6f51d9e1330742c
1f6fc00549279d3d
cfa093baa890ca73
48e8ad994faddf17
f6fbdb8b0699c54d
5d83cb6cb99516fd
9c6aac4457092a7c
e74ab8cb8ae2fcf6
b67cd3b54f850ceb
56e8a32fe105ea10
23b4a09c9cbb96f
8cf3c9cb966e6b3c
8180829e216d173f
d8af0fe0fb98b8e6
3229d186cd4f4b03
2e76e5c8d27515b6
ed6d901afadb1698
938e530a979dc506
6b4c3e1ec1122584
c37bd57d1394cef6
176726743d2deedd
1fd0a983944966ed
4d15f7a095fe1abb
d6cf28ceae3a9462
f05f98b8ccbc7cdf
89c37bae030b7e05
6e2ca6b96fc47e76
3c6710950f224239
14f00732228b11c4
ae28eea56d251906
b690064200bb7263
c85892dccac31f53
c2c1f51377d3aa5
37ce29f22a5f1699
3b3dc9b8218b5cef
e57824e7a88e8c0b
3f179283768d5c59
ebe53164ae52fe79
7eea4f8b612679fe
2c61a7b8c27cb228
dd5ac8820574cbee
8b1113590c015160
a25f46b0d08369a1
a3afd4ac9920c01b
a8d104648978f3a3
aa23cf97d4f200d
dd8e5ef96391e924
c1dba1154969ef9b
a43207fdfdd91211
dea37962ed7b78e7
c6f1f61f1f7b48b5
5d173d71bca7c357
b02bb6f0b3a4f007
16fb042874b4b4d3
290b92ef388d32a4
8472f1319c1c1eec
d326ed49df350266
49a7051fcb22e0c7
cfadee3cd7d3a96c
60bde79e3c476ad5
caf543238e1eaff9
995383c934a0fa55
c79012d448c5c2d8
4adafcf4773232f0
4e61cf36a967e23a
3b8c23f033845151
53061b5e2fceadd0
5561eb1387908ac5
dae5a30067a81fa6
fdb1abf5c8dbeeca
53abcd51c7744f31
49d262e39fcfc315
35d891217d038107
c439c1f610c3b126
a78c7c2c0b18532
d7d476ccfde9b578
be20676ea7306acc
de88460496310cea
ffee75c66b9713ea
77ef1927e94cd1f
e1883fbb7ed089ae
b3e316de1f9607ad
edeef3923a108d76
c0a99eda85c387da
67decbf62b6ba4ab
5a35625896fea149
fa817df5b9349dd3
15b43d6196b0b54d
4b0ed5660bb6141a
79d4e84f2f72e1d6
9c413fa09d3c4dd6
68cb03825a997b8d
6cb5dccb902405e8
61735317f7d19a9c
389ad3dfcaf91034
3e913c561904a479
eb0519a52668e732
e981059e914deb9
55d37961b9b03949
f77258b24e18a4ad
fd1f46bc1d7f9b4f
3edf339ba486ba77
f4d84893c842e829
9e832fd9d59a3313
5f50cd6395e5f7b7
2cc9f1fc29ed2719
a8bfef5f5dae6804
15b45047d650d808
a6df736b4a43bb11
74ae6987baaed0da
ad644acaba3db07d
1efa179f754b3518
6d41edb5cfd0445e
27b072336fcb2a4c
aea81a54b4d9dff0
12dae3b4be7bcb9e
3fdb27c5bb115fb8
644737e1a1547e2d
a46e5e5c263fb731
aec76733d88718d9
d46c27eb7c59c970
303e58863a46efdd
d14096c9aeb3fad9
e563b6156b1ac774
8c349c8d5706d13
8e117f89089c4cc8
11de0f3d9b0b4890
db9c5a3c2e5b763c
3aa63d4a42db5f82
7e7b110f1494d252
e21ac86707cafa94
f042f2ec6bbf4a51
4f41279bef98d135
5eea06b000becc87
96c92d5340ca3cf
7d34130fba8e5c51
52df20338dae9db
b6b91e35bdd74fbc
1fd4351bb0091677
555a7e1068287446
b4d6f1fd2b155ee7
bc418b5b147a6c6c
2eff7a8c2baad519
e6a9e85371203fcb
d630d5b64dab8317
450927b86a4bb6b1
55e55c4f92a1ed8e
e9f673124c50506
665c25576bb16162
3b7df06f086d8636
9c09fc940ede6849
addb674ecfb11347
6feaa500092c9624
4059e939eb5644c7
d67a263678c9f6ae
e5c82f8d09ea3ccc
d882d05356a65e91
fcf8b821099189a1
d38dab91039ed067
6917771b37f866d3
c49ec50ab6b305de
e02d3d93d8aa93c8
79eaa4b72f502b8c
ce016c788bda52b6
7c764e8465efc9a9
b22dd5d7b723b371
b8dd3508af4c70d9
e1fb98546f82c082
170e80a814e565b9
e009fd5f80daa3b0
ae27d7b5e7319e78
3945d9fe7cc49489
86ba6f4f4b2e8761
73ea2012afea8185
c29ed91b8a11689e
8ac9e6f89719bda5
90a977017c9fa4ed
47963e2c98614e81
dcd0dd2156accdfa
25291d13f7e9f7
c79278f6c294795a
a8614f21ac1eb92f
91b55b09c4390e27
398c7708aab04f29
d6323e81b3c2bbd8
ffe3917af20b9177
f93578b418799efe
b2053c82b48cfca5
27b01bd769647898
613cf9853fa90f68
b73387ac3d86fdda
d09c1f6f5b2fce78
ede634fdb5542e35
bc517f16f28bcd5c
8ea671c4365ce63e
14a8945a6ea38b7b
fc94ebfa40f09144
108b39e117150593
75f1aee2aa62514e
d08fb5317e956af7
f9f43ffd149da37f
72d9609772250af5
62ca24942de46c05
85d3b2deabfd753
49d43ccba973da20
1b76ac46ef3d6714
15b794938b23a511
e07b359ffbfdb1ce
b4ef4fde6761793d
fea7c1a0f9bc1c19
66881625e6b9eb4a
4dbb070fbd167a83
abe85c67eff8f712
1abbd99ae006b4cb
94ddab1b9eeb74c3
e45f5582e490af57
1d708ff00b33a64f
836dd2a2f4edd477
a7662368dde69f5c
15a7c7af944a37e2
17541368cf7564cf
605b670ef5258ab
3820f7018a0c7944
b98a72da3ec01b74
fda2a29abc30be77
e326a049d456e924
d5c708c62a7e72a1
d43db6f71edec5d9
21db79228bcf403c
d23dcd7580ed66b2
6e3fb62ccf66bbd2
250e3463a14d2050
16d1cdc5b8dbb420
f57d42a7fe20864d
34f1a38e388b5342
60afbb2e47699521
8d9b63ff98bc6b9e
38e1e3a6888016ff
627733dab4c793f1
7e8e7a638c12d328
d03860ce80b48211
403cac8b09ea590b
f8d7c25a8db7b00c
381f4f6e75244b20
3fc2fabda46626b0
d7f92322862645a0
94c2804ab3b392a4
d4f1cb9b821a58b1
96fe71b00264d0e4
87582d5f02e72dbd
94ab20d68d9f7fa6
a0a07df9bf4f8ae2
bc05cf7d78707d26
2d160f1e070184f5
96482569a4310bb4
c2389e7673ee2ff8
15d13df3ee1fb6fe
81cd31dfefddf5d7
434aa0c2a1d2fb23
14605b59133e86b9
9b75381f8b756775
6c6fe7e10085d018
26775fcc916979ed
4ce1b39bc028cde1
685c1c7a2fc6d3ac
634c73ce9e5eed9
2957c1be10b9fe40
35ebb9453bf867ca
da862a9dfbbcb27
fc752c5cfe96cf6c
b01bf3f1ea2f75eb
a7a00a97ef930dc2
c25acb0a9bc3c5b6
fdddb39de2b80172
cfd0a55f5ee95bea
705443fe1c2c58da
5dd263b1120fc859
4db5d1cdf30f97bf
1b58f835a7b1ae84
dbdeeeb7b7c5194f
5e0f37c9cde34fc2
c233d21da8d63e14
aa901fa0bf7d2325
47d3eada32f38384
45ec52ac035ead77
8da8e9dec79e383f
3ce67e5558ee88aa
ee04f801843783e4
d699de255b0e5df4
3ced50b9b80197ce
c799a6f0a33cc3de
d8fa906c3df59197
40f47d7fac5be6a0
a5e4b86cae3d27a9
b58d4d03bfa0d262
38c62118bb80d89a
27a80f938c04110b
af931bf4c308e7e1
a7742ef2ebe5e8da
a602431e62bf582b
4b2b9d2a856b4320
b1430be793edad8b
a91cad472fbc9280
7638073b31d63e6f
c026fc419ddc737f
6163bb3ebf5b694
cd950c187b7bd2cc
50ada1724da7e007
71b879fc7b67588f
c6488a9e2682097c
a1bc3a994c770f48
1b79bbca5cfc4e96
8f8019a3bfbbf848
d85f83fca2ba8e44
218cf64bc338a6ee
f0d56e7ae5cb8df0
6e6ca56e0e942b9f
49d8d18f873c7872
ec30186b223fd60d
7857540af78b34ed
5a2d02c1cf905adf
d29db72f4465ba0e
445a2dde6efacb89
dbb14888c9159e42
66ac575daabbf9ad
466b0890fc9c5f19
f87b0fcf106d3f70
8de0476e4b3de922
ba758d526664d8ae
9c4e25d0444e7c7b
826d3c0aef1d564c
ec1cd410ea74f8ec
e41d5bc05c5db00e
b8e3e99998f83ba2
4a0748250569ba66
2d295aca8302125d
6cd7756621324a06
294f615ad15562a3
cdd4cfb540a42446
888245a86f2b6f02
cf9978ccc1ec1e00
77dccbd1c303d258
58b10bce0224824c
d05482be27499410
37da8dc7ae3afafb
394bcb91e7827dd9
a399412e47c824b
ed3a6cf640338c2d
3493173bbda141a
9271ef591b311d2e
b407349102bc2b3e
28a049a4f1e0fe95
c8f6b4cc182ec9e4
24ea7ad6f2ca30ad
e934579477e02ca3
7a8dc5b1249b3949
7844d556b962030d
a799dd9209db0bb
a97ea7f8721ff2a2
13d0ebce41d07ea6
98d84603439fdc84
38b5c79de539fd64
8689577e398a7b3b
30ce5dec7625680b
b472b50719cd8c04
6e76aa7cb7cb2381
4ebcec17a0dec54
f93bcffe02ddde1b
51e2d4b975857a75
b7879965c3a8d021
23296016746ee981
a15656f5857e29e9
298d587ec9c281d9
a9868c8bd807cbb4
866624940276789a
dac41c45988839c8
7f3c70889b804f73
8b89334926ce260c
54858c12d75252e8
178999cec43218a7
23a8c3b90676100b
c9033980b2fe2ede
26218a09e0ad2ff6
aaeca9d7a7427930
a34c3ab52e5bd1ae
7c1feeea2ee5bc94
7b05111a54e45cf0
25810401df75aa65
38a7fc262963ae5b
72213378f30adeab
7e81f2352ac8d001
78940dbd7f99e5b5
b26ebf5b1e736ca7
455659a759f8b7ba
166bf434265dcddf
379af7d45cbef918
43d1a09011cab6cb
2d4ab0b1dc92b5e1
5dd88b3d49910776
c93c222c14a07336
992edd730ddcc1a
7fbc3340ac3ef8e6
304790badda62eed
88af679f569c13eb
ea4e7d009d9ea169
1698e34b69eb0893
4c3c8beaf4ce955e
cb3eb48d34ee0444
9271fd553b8c740d
568956c02505e14
622a6655efd3ae68
a61545e8ab99546
b9c6705ad8616355
ec4c8a7c37a1ce17
62b2dad711eb164d
c7db35adc231aa9b
173b0718727ab012
7c6a6dadd4fb453e
f2bd85075cbc1864
914d30de56c068ec
182bb34d58bd11ae
6cd34b2f0d65f000
5c10f23bdebc4c79
f68b82fb434510a6
48f7359a73ebbc25
bee402a99ee058ac
357565e41e328173
42e053a75e22044c
5afafa55daf1343f
af148d17b1cb3468
d64abaf8abef1c41
deb2156d0f8cd4e8
f22491330d0a2afe
dfad02e2dc123123
5581ee9b28d28927
8123c02ef577057b
462e2657088947a3
9eb40b716d39c69
8bf9edc0c157db91
1eb5e8d287b6092f
7ddf9e32b1f18e7
4c11b05b13971b78
b5506af0124fa16a
1f7f3b4bd3e0a956
b3f45d3a21225917
13e09e82915bbddd
dc5c6669f7fc32a0
b9f95d4942d5e487
4eb00cef8ba90cfd
fd8b6723114eb459
f3362c7f534a578b
3792a69f1f2b5418
ee6272f395bc2989
1202e374d89eea7c
e79a3864bca93d83
1c9f3ea5d179c0a
3a310c0e18ed0880
184405b2371e7dc8
6855c5a99e30200a
e7ae7959f061e3a6
d3870d6fb51afcca
8df5a1303bb4a7c0
50ec4b8f8b5c6853
464dee748c75eede
4e8b11536ea5331f
9c2f0eece7bbbd53
6ac32d4513a0da2
629fac15700eeb25
d684e81b7474f52
f231df520648a033
de545d3d2853a095
c55f8779772be3af
fba251a6e542f9a9
e1969ef46706a5d7
dfe6c1eaeeb4dbe2
229b2d983575d1fa
ef87e2459a0af425
da5a377eb394a722
25b3a673412b624b
5971a5b6b8f3bb2f
e8a42f53a6d1d53e
32b1ea9d76f0160b
fba25be3520bc5f8
b6ae2655ae2eea2e
7967cf329ae61d33
f8d6203a51797db3
39889ae4d770363d
6f932f2bf8ba7409
7bbb6f2759a17bd7
34f817b2b1156ff2
294e68bcbe87ba90
2146f4e4d176b075
5cc3db5f1acbc8c0
b95bd3c16be68837
d09867bb0a4707c9
f77b356a7bb9616a
5f00d5fd64b1fdf5
c18d345862ed2565
2fd6b98c5bbf494a
f9f774e8516f2328
a5a604b6533094bd
7d5ed9009d62cc4b
c7e0f0468ef019b9
fd9a68c381608f30
908c3643394590d5
e2eb5d3084063db6
70f7ae998bcc2aa3
a617c4ced81aad7a
bc92ea7633c10b5a
a5058f9f4ee3b13f
49bf5e64677d899c
9339bbdcb196d15a
d7bf98562249a09a
5cd9c852989ea25b
8dcf655e7249e649
b5d8f3b1e0122059
ed7acf60a84ba7db
4e77a10e586ae147
b59e0b5c5b6006b2
4901fc0947c9e558
19a4a2dd26cb8acd
b7861fcc54abb412
c5953ee4b843d375
b6ebc73aba40e8c7
23dbbcd473f66b64
33ac803a9dd71ac1
262b3cb42b40bf04
89422e56bcb7cdd
78b2ba318fc53c9b
78dd1080007ec1f9
c198656a2314c8db
a772322490e84d45
ba50c09922739bfa
ad6c2959fe8ef4e2
5672d59bea836905
dff277d8337e9ab8
92892271ce0c8fef
9506ab89cdba96c5
e8f79a7caa9a432
c501e84333be9728
60dee718cf82e921
b6797d8eb382c807
c761e39c730cdcfe
311d253735164ee
de1ed2014b7ac62c
17eec557aea5bdb8
6556fad9bf1a5fc2
1bda4dabbcdbce63
f9320d56adf68846
800be0ace516d021
6cd92d33f2b3b702
bb1adf0805f790cb
33cad0afb08eaecb
ae83914e674999d2
86da8ff990d9e127
b7dfc7439e88a376
dc43050f3eb1a74c
60e1dc66a2747f18
c74903259b2bf768
d19b73fa84df0455
e698109d30478c9d
ac90bf3e78438dbf
60c2641056a7d1a8
29a3f3df7b9ff6ce
f22913420e4a648e
2ec6dadead104527
7290b90749ef531b
357cd923ab9b230c
b7fb0771ac08c34e
6f7bc68401329850
ea7132149e4ecb5a
eb96aaa32253e6eb
d60d0b034c084d78
59b7a873e14dfcbc
957302f097d9af02
3cab0d1434386ed5
e3e80b9b34300406
44042ae5e626a6be
61e16919d5210512
884356f6e37eacf0
2401bde354694933
47629217fd51acbf
6a6f9eb205fd23bc
60728d7d5d1c8f24
88f898ffbef5ac1a
e963377c0eef3a07
67245b05371de187
1b79c94e9dac2e71
81730b264c6e8189
efecb987ce5f0463
fca1a61a8ac13a03
47d624361edb27a6
51be856036119d9f
3ca8a6eb460fca4
a888eb61fe5acc09
7cda912a3a2109e5
95248dce0d15b1d6
a3b3cefc7ff15e48
a1a4c5434a84c63e
75f685b4e2031f84
fcee5559088ef37f
1c1315bcde3e1397
6deb8eb15b69d88b
44eac1827d5208df
f94ac8ba9b72b0d6
5e3e9322db0dc0d2
8e728f4b8d6e521e
1ca11df13477bd2f
4c5ba7cef70ba840
99d9201cac825703
5548b27e06f05b1f
b608bb1a014a271b
c465f7f033a02a51
a3245f75f376a999
7ee0092de6ce793c
99a0b5fab1714586
fb8cf25a0071fd9a
8911a663449877a4
7a07d532b7003be5
f14edeac0cfc64bc
5977576d285657c1
44ba4ce57b6d6d4e
a88c416186556515
dc97cfd8fffa3250
463eac513a722fc
67ef7ec410c8ee96
4354f045ccfeda18
d373f93fbf9c802e
294d318e81308ccc
df71e65ab74ffce1
e2325df83509c605
48ee0f509e0279d5
f3a9726d2e9e3350
da14e4d327ac4e35
b800b053f6bd7f85
40599555094ff5f4
96343ef3a59e0ce7
187d668732ddc8d4
e9630236485a53c0
aea2905ba7efa224
43779255bd41699a
a4d4572219e95aa
f9b88d35393cd368
f81809f03985de45
e2087beffba98bd9
e3585ebf099da203
29aac3d78ab19797
6eca97593d986f89
5ff58c42daf4f63f
86e1241e694ce9bc
6108e5447546f4a
9806b9c1bbd678a7
3d3cf4c2a62e206e
207eab3bd4b1c3bc
74485a1785b75957
10cdea8b66760489
6697b008ecb53c9f
9644075312ca33d5
bc6f381eae6a4f22
b3d3c3e8be5baf8d
a00ebd5e444b3369
c73ae1d3a98faf31
4b267f88bc2327de
a13052dcb208fde4
93355bc008b29caf
797529f1d748c568
870effd53b4ce569
b8679b842277847
d57db826dda4fea
473bc9fc677f4f06
507de3e3d3cb11a8
a94690222d5c9bd8
2d5d92b51affb75d
bfea55564782f6af
4ee7809288913e53
185d6823c7c194d5
973f84ec07704b32
c436344ded2ada94
875ad00798f0034b
881aca49a962121a
b245e114f717f8bb
2db274a2eb6a8998
c5d0ecbd3492d258
64d5aee8390bc042
33c090f44788cac6
3eb467489e758c36
c54faf51c9315c68
d0113e6d3b0d7c8e
fe41c8e243672967
1d8e8bcb3fb758cd
5f8145f7daf228b
2ef018f1679d2907
fff9738d69f90ab7
707cd75b1d9dfc50
73368bd50bb3e4bd
40ff669e95a41953
4bd1117fb3b1a472
3af46d48b366bc9d
a0996be1b6070b64
727ba07ffebfd8da
31024d85bf9f2c21
9a5e994b3b7780a
bcfb646685f8d314
63ce67a6f231c127
1ff243c401d2a44a
4d41a391b785958
8bf4301212204fb3
53888e87b964d825
8f076032e8e226b
e6ca885065315445
8c41b5254283fdf0
e0ab3497cb728009
d06986a89160f15
ea27e5b2367958f3
9fb81dd58c7a6b0d
669dafd216878897
70736ccce7a75eee
c9918716300d736
2817d6271a1b093
ccda11b7071096c8
fc36cfda282f4ce3
3a99d1938fb9e163
2ace4d05771c4158
7f54244e2ef524cd
b5a44d46dc723834
65606a6af9274b1d
f2f18674d770da51
a7451c3ea88482c9
d9d7c5c39e734a89
ef4d906122d830ad
b2c4ee6561326755
7008152d291e856b
f0ff3c84134dc912
10d6bf34faf6d8fb
b9f2021b4f9aec48
23d47808e07b19fc
fef674ebdc02960b
cc6c0f751bec6170
f2b730f8f784e3b9
a90ba5830b898dca
45f3705d5aafdee7
2768187e5377cb91
71321594aebeea75
60a23b7375d50b87
55a4d2af8da1019d
803f462319bc285c
9887d81c1a3131dd
106c4f5d9fefb59e
4aa68dd7c2c197bd
8b2213b5ca75cecc
9e0553f36181f582
2ab16cd94d04372b
3bea6a460a864e06
6bf817201d5cbc6c
19e073f309403ffb
11e2fa9f844b9adf
d284ae01a2b826eb
9232d70e004bfcab
66fc3cb3ae50ed3b
8253b90f00fc1b0a
8948b6d689b52d63
b531a15d6ef908ea
cda9ba41dc4f5815
60efe7bcc4f0bd9e
900c5760b84a9516
7392a306c882e699
9997e302d89c8f98
a4f990e808165108
945b25a478419ea
98edcd4be3349fa3
622cbd0b8bb2d54f
b2c8584b3fe35011
1bb34bb7120335a1
5aeae93b1e1c6c33
7ed7293871230464
83d216ed8a5d6ee4
2fb3f5f0c99f16fb
7e3359cf3d50479e
225006c325e306da
95abe00977a1b820
21be948803f454d5
bd84f6211079bee6
38c44c83254662b9
410d9c353a63cac0
e0b1f614c06ceaf4
f74fdbbab6663cec
81a0298bd5094c18
11b3f4c2f65c09f4
eb54926d2a9c28bb
6813f7fe63433229
1bacebb609e0dfca
488195b8d95e5fe1
216bb1fefebef73c
7622afb18d1a8832
baddd37b15b1304b
55a6af07799d34b2
99121e0d0c47d8e1
190c76a8cf1b52d
8cb0ab22773dee14
763d26207066bc5e
52d554d0e26ef462
f61ce2941c8afe44
e8f751fe1146061c
4033132a84f39abd
b45c222c71188bec
85a44d970822f57d
524449a0f9f3ad54
af0dec6a6b8d1ee3
af23bd631937039f
e10a11da20e2f029
cc98a212d768e3ae
ba7fa8d476bfbaf4
85955e919e3dba37
b3d87995fc45f703
12535488bf7fa4ff
63a0b65be22c254c
9a3c8ec58bbd3dfb
f3fa0225356da6b1
5cf8429a9978d260
1d30eabca8c5546e
cdb529301eb74ed3
b972d6912f0196b1
4ae34a120aa8f557
e33e0704111be5db
1f90b597d60bd44
2d461ed162dfbaf4
1734ff1800d21f48
4b4aecb62fcc9528
e008482f21bf855
2b64512927505d22
edec7665c4c88972
1a64342774e0b15
761c5ac51dd59a30
7757756a441797e0
762b68d6e562b212
43946348da33e9ee
d3c2f474f1089d46
3f48b5046d81b689
79faed6fc5b5238d
3b279a029f1b0455
a7679dec8c8764b1
83ef986d67e948c0
6a40b4924aac452a
53a9580d95edea8a
389a016dfb4e9450
b86299bf9d7133ec
a3214e03a9f005a4
2637810e1a283bcf
543e82e6508cce48
9e529d3f1c591a29
ae5b69b639ed7190
7f202d1bfece5154
d7130ad048ee2fa9
a6ac6c9a53a37171
7c59ab5e2cae0205
d8f354ec9907179
b1ed593bc64db0fe
5c8ce919c9c078e4
fd1b99c5f2a6d33
d0d4eafe462a21bd
1c48e66a632f6a6e
2a29d71329207952
7436818a32280a56
5e0b755e2ce4cb99
2f883b21f8a72e5a
d8ea5797325880b3
dae6b917bbd97f73
bb4fa8ca1963a699
43434cd1e04ab4ad
bc6b4b74ce55a31b
c208762861f5087e
bbeba734b64ac6aa
7f928039a1bc2340
e85ce500685120d0
75650b6f70ae866b
218efe7f4881cb83
45df35890a4036c0
1aa0a2cd150cb5a9
1cc7be7d6ceacb08
19ebebc78777ad87
f56e2363969baed
dc8d2074ca319c59
938f8152a7643681
8031f0ba1b2d47a1
74071623d7cbe8ad
1831ca5cdd78cf08
a8e29b033c967786
5b540972214c1564
ed3839868ab9b84b
ee84cd90d273e23b
9304cec69761e56f
3a2300029d4e9f8
7fd95d26ced2e141
f0650b9e607f2014
2804547eea164e7a
de3f9c93dee59548
31873b7aa386ded0
9dd540763270fdde
e4d91a674b571c69
f6c17868299662b8
602d91de514d9872
aa46cedb42e886b6
8cff96409dec9328
dd776924bea2fea0
1fa302d21f092d6a
9a75c63892422adf
54a8b9b7f0895b9a
da8b25c5d3da105d
2c1a5342b0413efe
58c2b77bb2efd1f4
2932fb5285939763
7ab28c49c72910ef
15944e056643ee4f
e7eb29ec6f376dff
165a2fc26851a8c8
127182b7567ed222
d1c5d806ade45b04
a3ed57f6c6ed74fa
75e026e0e72baa47
91d72edf5fb8adcd
259ecd611ecb082c
a9bb2497621da1cd
14990291493dc332
c9790734f4969a78
32a3b3eddac6dbd1
e1cb681c7d12623
5604f82fa285a1bf
6d4b1f92a4b39e29
5c8e2c4ea3b178c8
944bcab47bea3034
d477b9a5bb5f56da
cdc1bfd2e2c955aa
7674d076e4de1733
33a1e9552ebfe501
ebef1bd8684c66bc
58ac3283688f0183
249815ce6063a98c
c7f7b9ee12862e45
c0d181f27135790c
7589593c9eed5910
835db59a81e092ec
8f73af451c8bb964
45f5b966d4e7e1f8
7a6565ae1ef95f1
8efde7999daafcdf
50f694414778d301
d1153da70a678bfb
3a21e2cc57b33d5a
4fc55103d05a03b7
c42ea8eeccd003fc
9b4747594957f3be
c02a0dd28469e174
14a9ec872f38268c
9b94a2b6de1353bd
d9db848790512e82
a2c27ef35b4c9f1c
c15d31a0430e0234
a853bd224a6ffe3d
87a2a3c9ccbeef46
189f8fe6c78dd226
d2fe755a3ba05843
6b9818afa879b984
a69bb01f7cba8231
cc7279e9b297b2c
4d44b3fddbf0954f
ceca57ad608a8831
dfe60dca56a6b3bf
f8452c959b8ec881
f8825c2036f32c5a
a834c4166d9d2f44
c77acecf8f6425da
f863febc2be45e3e
960cacf5e7fe812b
80d104a2607e96ed
68f97f1eceda1562
8da117c4c28e7ad7
310d8dc6b26b1a9a
a13a0c37d89e56e1
5cc31cff106427e0
7411f00c75dcc03b
a996307fd204b274
94d703ff02abf065
52c70222b0eee947
48e20e6e3bd3e59
cd7bf3f6c2f9dac1
5fd8820402d9523b
fff6fb567d920aa0
f26636134e7f90d8
4784aa9f893206b7
a9d3081aede5c9bc
16f32a165018c6d5
42506300fdefec89
47fcd6fd71b0a33c
4de5e044f689dd09
e0e5b492369137ee
7d7158e0bc5f04b4
7f07553e8a77970d
d82f44043462a69d
8b4753fde9eb8f27
57f21744cc2add83
a72a455f649f307d
6024484c8c37f8e0
b535627bafb6b553
21e3cc9d56c11d56
53c5d36663e6dbe3
3f9d47c5e90552a4
cf7739b1c9b27f92
6616cd91a4bff74d
5f50836f2d925286
a966fd82f7a07f22
151e38455fee6e25
a37152e6c292b557
9ff54a3a772ae89d
af43c2430fb8d5bb
5c72174ef0076b87
92984c32eab4664a
24fef1eb0eacf681
b4a14f341b671dd3
55105e13ba4be06a
b22e00a29ccabf47
9a5a6532e7bf504f
cb8ac7d075a70082
46378c7b97c388b1
51317b6870c442e7
6d78b5a021c2e687
dff9510029ef6182
75d93a196113d09c
f54afa1f0418cdb0
cb14c1247f37a42e
60b3ba0a3241c196
b98b6e083d2d7a9b
dbb535c626a59679
117a88116c563c44
2f6fa3eec84364eb
ce53f159671d81e4
d18c75c70c744a22
f2e190ae85d9dc0d
6e09a00d88224d1c
111bc3be1e44d79d
2a07e191da9965f8
d4f5d8443a00e506
7ddaeb7f353b02ec
cc705f21d195d58e
cf0629a63840ee08
a0a5860b8aa1c809
761e0e3f1693b245
392dbd930885a03c
16e689d40d3995cd
733126940c88f87e
d9896058d55f08df
691d29ac3d6e3e24
f251f62fb1a79813
7e33f47980921bc6
116f6b3ed055587c
2a897e1af54ef3c9
21711fa6d6a391a9
ed3d7181c7194d9f
62c36f779b3ed80
1bca8213979cb362
55db380613607e3
5f5cdf884fc13f8a
ca415a39854878dd
1f59535558fd7882
c24dd53923d1d80f
885500720d30833b
37ff8b827dab1196
13dfc5c1191e87b
d53be2c2afb7436f
84c2e1180722f9bc
9ca9f3adfa32f01e
f760da07f7ef9d8c
664ecb1f59a0832
cee7875dc13d3974
9ff1e7065a8e745d
7ec8de02501466fa
c9afbc18f0e7aae
63348fb57f9ccc38
49f2856828a12a2e
3ac5ecfbb4a1bf55
32b982bd101cb9b
b919b2695e2ff289
e7d331d1cf0f8287
f032295ba7d7c7ed
a88dc98e3e54b382
b0a41a30ab01d171
c203c658f5b4c18f
2b362061f0c2c9a0
fa87b53f33ae077d
46cb8d613e232ed9
5f6eb17b70b060c4
11a862eb717d8c47
6ed0f2d59dda551d
d2042d0ba277cc79
1c0ff9071f811757
6d278a8fb42a5b16
769aa0a1f61dce1d
75579612e6f0ddda
89d6093634bfa1b9
6c0409de6110f4bc
499393779335510a
481248955f42a98a
cea6b8a5a95ee6bc
b9ec19f9d27f1acc
9f367d118499644d
c1fc6cc0fa7294ba
7ed50129969cff8d
8b822a1048252e72
b8d965973105f9b6
2d03023215d50e89
8b31852ea789d7a3
c1b8a747d32b55dd
410e9796c934179b
93d1a3f44b44e17c
e7a383760865dc1c
8250acc239e94664
aa880a5d2cfa070
a4b1d94cf25e6ba9
9d251d70c47dee3d
fdde9201c2333209
1d3a3b365ed1e620
7fe2d3b4bae58803
819fdb5c18be37e8
49b6d24b0f0204c4
94f12356d353a230
e5c4e0cd39d1477e
43525ecd880b5a26
11250283bc280eaf
5da9b400ec9d0621
b90937d4fe623935
1ee740ce80f1da86
9c060f32f723fe4f
a904f822f47accd7
604770b9771ba616
f43cbfff7105fba5
5a71d23090987b64
df70211b0d406b9
7307b20a9b3d5543
d6f59e99981de40a
d5e59a0badccd72c
695bb1180ab63a9a
f96552a1c4645e2c
9b15700e23649559
84958bc0c4c92a9
e428afbd67683575
8cc67c2c4a86dd14
62cb69c1b00cb579
ffa6603bb293c605
a2d2afecb99a24f4
7b68b250c5dba60f
4a33b66840c1ddb0
12fce6fd4aa5caf0
9bbb0655aa1ffc78
d6c397dcd4b28d9a
9958783fb5e023b6
ab57d4bc8538ea84
2a52487f9054f799
33ce7fbb13b29185
53b5a2a3c34ddf7f
32a90df6b0e83cb7
1066b49f09cc2c69
35c4d10f9fd67d63
35251c629e1354bc
6f61fe1b27477a2f
2760a0c3cbdd4596
191ce5548a4986d1
f99cf0208e6ff393
8347920372e8bfde
1f59464d0aed5eec
fc0ec9b6dbd2deca
a55a9ce60ef4ccbc
d944df2c5588b067
d35f818404f9376b
5b3c743acbe194c3
45a026943314b7e3
dca303350beb68ec
d716b84fda235b3e
53441cfc20a8fae1
e10539374c63f89b
e6c5ee009ea0c4de
962d7559a5a866e0
71c434062d9199d
20fe06806c446311
3899876b6f49e3fb
6ec5e5f8f91eab9b
47ef47f01d657c6a
c78c477d3ce6262c
66842c140bef3970
7c2051a3d7f8fc32
8093ac9ff88a3c9
9ef510f9a8c1c6df
80a39ed2c6aa7c50
9063915d04575ecd
7ea5988a07fc4fac
7186bf2d240f1903
98ba09f148b557fd
1e48663940d251e3
54f7160e7d20dd75
3cff71cc242b237f
239357c75b804fa9
f9d92ddb2d0f71cc
27e80b91b05ea108
be9fa028aed75bf8
c1424b5be43b9a73
ba0edb898532016c
b9aec3ad57be9e8e
3ca17fabbea6e0a7
538e795c02994178
a276d09df06bebb0
54edb726d1fe8916
ee27534b6beda3a9
cdfb85a589bdccca
859e79729c506818
d90e08627e6d26c3
d7c75d5e07ac0814
e4a35572ea12c3ac
865d294718b82bb0
f41a602dc2f21e23
13eb3490b06e3a27
baaa406b2da08eb5
4a060b538b2f2ebc
53b65bd2cdf032aa
4a7491091574e069
380e97851b5d13a8
2da9c9854b927809
dee326b61be60931
5983c4e9946707b7
e8754303cf4796a
4ad1d6529961afc3
5d7128fc62fd6ebb
6167e5ada766b692
553aa09e5f8df8bf
7003ad63e209c53c
fe90311fa0a9e4cf
f53a95779c0ecc0b
50eca69acd866934
b7b0e088472a714d
2b51cd4aa0515cb0
99edeb06099b8f39
f2349e800e9cb4d1
4cb92f2c7e2a2439
41d9967bf6edb4c1
70253196b713fafd
b6589eb10eaa0816
a9894f2b9da9f6c8
1c8e794052b6ed51
5cf00d00b40f8ff8
6ace229cb63b5833
a3c1f2ee28d2d3eb
259248fe6b058d10
d9630df0141c3f9f
c6cab05405aaef8a
16b1776c607f21b6
28e459bb808f28fb
564b00b69a873385
645a7f88613bea7f
d602f86a8623621d
e7941ebe7b638300
5a2ce19abc7fbf75
2c39d39d530c5cc8
8aa53de3651dcb6f
b6cb98eef4aedf28
e22a331c79ae837d
153be884aca01af3
9f977fe88ac6aa12
b52aa1fa2b543517
9798b3c65a5cfd55
af9a638beacb1ea
30f6d1f6fd82a9fa
6ac8cdb806587e02
3a5cf412694064de
8b433357912037ca
836b583f6bd35877
1fe9e2aa760e578e
f196e209294ca257
14a28815b8b00fe8
2bce78d9f8f3711b
5e0a6885667df88b
a790a3048dd6b7e8
d19f1662974e7015
c42acdd18f906689
ac1119afaea0ef67
c8eafe35a2b331fa
40354636206229d6
c5f7a38ce21bdf40
ce52d303c9a54aae
677ea200cb41efbc
a9e0825d52a6b329
8c92b95b2fb5099d
fa8dbb137e1ca81b
eb63f9fa01bd6dde
db94de4e1f1399ef
22c64a78d2478ae1
e884e86a73e751e0
450213b2ff9eae47
e2357ccf8c2aed14
bff6605c98214fbd
81e893f2b47c0f32
fbf2d52a6b210f52
23b662ae5902c946
325d05943c856512
86fb1fa44fd27bad
474ab6fe9e7224ab
bf96e9ff732ebfc
542606946dfd5773
f04502162258bdd2
81a223250705e240
4fd464685a4a7ff9
26948fb17e890050
8c629c88c0534b9b
b80f43863a7eb9af
1fbe7baab184afb6
a3001f43d56e2df0
1955926e329b8340
d80cdebe6c1c323a
e48d5dbadfd105a4
ea5e4aa17052205d
cb31989068719ef6
7b685e1fe5c228a7
c1fe6592652b2d36
a83513e5c1c23c5
713541aa4a400ab5
eda938325fadd412
969979352ecf32d
a1b5d3cc3ea0a0af
b0607137c1064324
574b9659798454ec
a7d822b04a2b700c
91e19d2f39f60db8
d7e2d8e4d6fb1580
cae3c269a7c22199
e4a7b718046c7a02
5c931204c7d2e7ed
1d0a96d9a933dde4
ebe5743b9358a09
7ee5d941e5510f23
9a543e87e2d5e645
f04b0464a7a11744
5f9159766f54b65b
d955ad91fa64a973
3bd01741cc246ee2
316d445d1d87c310
56c62fb4866b17af
2d10b38f5ee9c0b0
250f129037ab5783
7387587eff3cdbea
4eac4e6d7ee53d6d
c00c2f934aa809a1
17d9a358cb315ca9
354ca7e7f7964a52
89dd704c636845ef
e299172025a0736a
7bdf55f88e392dc6
6cc1b03bec2ef382
8c88c8c43e8b44ab
ff885e6f46d0af00
ce22e691b49e383b
78e1e61de7d824e0
5b72e4b49da68823
29ab3e992d0af7e6
33a31d67c0f60f8b
4b1a759058ccd950
970d548480bef4cd
74b814963d28fdc8
6be5ef2badcce10c
c154fe153a16cf85
fb67892b8cae9aa5
ecd3522fb4a4cb59
aadff8ddd2b0cb4d
8b8e43ddd11a6c5
71465f6adbaa62b
351d79b651b0d27d
a466034ca6bbb817
84a0ecf4c34f114
15ecb9cc5b96ba10
20f0a3b0fe57984a
70811006dad36325
78190c5ad6e36d8b
816909774c22db7a
c4dcbc7c46856ada
1767eba487256d54
113691328aca8ec4
5a80822e50c3a10e
42107473a1f14faf
10610630226f2267
9f4c17795bd69db1
d12a433d99449a95
2998cd278b015b36
70d2f92faf4c872e
5a8eb333acd7da3d
b2b391435d8b2374
5dbea858476ea7dd
4043902e05452f9a
f02fd40041ad3738
b4f005564e792328
a7da038e2a9c7054
903474fdd7be1670
96e8bf643c3a1f18
3450e77bf233f949
37082906cf4b28cb
b0eff1766f19e0a5
c8d27035e20ab4aa
37de1fb36834ba65
b61c202ea73e1de5
f972c7c2a218f6de
589dc46606f96b8d
c79fc028f815bd98
ade5580e5059338
ad79af4d991cd97a
683aa3280e1b0432
5adc2490acc7e2ac
e5d9f28b511bbc68
996e131a8d1d7fb9
f154d59bb9d6cd2b
688bd471234b539f
c0d028cdba1fae55
5a354a4dc43b62d8
3137510156d3ba96
48f5516d048d1abf
677abbf275411bbe
d634ba3c24cfafc9
abba90cd3119525e
267bfb8eed20490
2d3102b0deae5383
973927bb78f507df
f11a63c58a35ebdb
5861720beb6ea1b
66f6964e289471c
aeeb69d72265ea2e
9f081deada21523c
56f530a6a8de25e2
e6734ed8522c5193
8dfe681a59f695e5
dd4ec1eece6a7ce0
8f6bd33cba317e21
7ee021e97df17204
3a90a0799f1428c2
33acc42e3413f66d
404fdbf4518246f7
e0fac172ea1567df
c6b8e475fbdf4551
ea76bb6afd8c0620
762fdada4a318634
e4de62e3e8179dce
60996f23b15927e
7bdec49a976fe66b
87b726b823af8825
bd424823162066c
7fead06f256af763
e03ea967ca146105
7d648bc116288de0
172cffd3c515ba24
29f698b37448223c
8d8b4da706d9c928
19db15c6642d845c
4508faf472ce5cb0
760e3438db17852e
a6d0e5ece25fe18
801bdc4ae6875b16
861c1980bd20c6eb
8b7342f857179466
578ccac1ce4d6548
5fb03212afc01389
1c01ad1b7fde87aa
640c327e807f82bd
f19dc26070c9e26d
1448e3b9e55b19c7
45a3cbf79f7da95f
c7b6df8d1d832372
f4bf24ec7c6b55c5
52ff92b3ae8609bc
4f3e95a3555665de
8bc2838ebf2ca58b
f0a051ef03951a2d
4583e919b145dcae
fcc15fd0f2d3cfe2
cee1b1521bd6893d
d1f6b0e6b126874b
f145186f77972294
4317322d3f3388a3
92fdc2c4efb84ee8
5d3449f34c8054c
5f52230908c4adb1
fbb9cbb5ca2d3bb7
746906bda53d7c22
5574e42783f1ca61
75db0af9add010fb
4f683f81f0e4bdc5
94255ba497b176bf
182232242f5b36c8
f1ea07df55590afd
2ffd561027834bb
d9781c03da685ebe
3087936e7930647d
4ab1f40f98d8a4f
5665ee5514bc2236
92c27ac28eee7060
ee35ed35d5ff29e9
ebcec637908aa437
bb15c9cfea9e0f00
ef404393532b8590
76e9b297b417193
149584ccb88e9ea4
8446c48b66108df9
bc12b92788d3fa8d
a2e37382e218b13c
97a4acd04a485fcd
d9519e58afca65ae
c218b2068f314254
4309240a0c550049
cf75c99192052ab9
be472aec9315865b
fe344502823e7adf
994f2a5ad2f8df85
a38b2a7d05650cb0
3a939069fd13b10f
5bbf7d3ca0485986
8d200a9aa4e6e9c7
96095126f742a0a8
5651c78bfff420ba
f884e93152d3d639
2491aa315f2dfc96
5b9ee076c6ef3f9a
657911bf6f8e4119
85b2d0a7bcb6ecfb
c140363b0e965a9f
3ed3710d2092fc9
9adf21a892a02713
c016f814ff27c61e
17f19f8226900712
dae6a1205e78133d
11ca44005f2eaf4
1eb5203567fda659
dcd9b3649e034a41
f805e5de0bebe7dc
c9814cf501fb7dcf
6c9d3d68c8396b5e
b3e3aa60935c9db2
322fc7377097a063
832f0a54ec1bda89
a1079c3c122c7929
967c8ed14e43da8b
bfb4d4f5524ba867
c4ced8de440d78a6
df19757b026bed18
49240f2870a0b595
83f50f97b09fcdfa
ed65c558b542b675
569d3ed6da6281bb
48ba896c32d34a9c
7994e90f750b3cf5
be2ade89ec0824ac
6a7ca7e85ca537b5
eb7f71df52056b4f
18701914ec7d2339
162eb19cc77a4d39
55b1facf34e32be3
94d951ec1d1ddf64
f0f881a6159171e4
de9ddc05c78d155
ba80d3cb5312c58c
56750ba85802b267
8fc32c9fdc3ef409
5adf41f379cb576
ac69326182b57609
689278a23dce5590
e0299da97c301b2a
f9413a51ec9630e7
6ce7c52940620aef
e397cbb2de5a564d
6c9253f45a25e659
b94dbcc1633e17e3
c4aa0ebb240971e2
b80cab87037c13df
d8c317eddcbf18b0
328ce0e09aa6b7b
45aa3b45e7db7bb7
680d37931776d46f
e38471968efce06a
821086e64543d673
babf5fa589c7fbc7
79e06bde1249d664
214a1c8b6ddfdde
acf6c65eb9014e0
d76436fae1ea0266
e5ce06f38b248c66
ff2ad5ae6c68d0bf
b29d4994da310576
9b4ec5a3a911bbbb
9a6c714760a59f1c
bda3d4076a8b2717
66c8d29c3a5eb1bd
91f296a99b533272
8f66d57cd25f429b
1e008495f08a4945
5059440912945ee1
eb1db1c4527462ad
fa179c8465dfedec
8f1881d50c9729f1
589b344f86067595
bbb2b6d6a3f2f1bf
56240c2e3c467393
e0b5fe2f78268f7d
6c8c734ec2774ccd
f9110bc9caa164e2
8ffc27ac338c9672
964b8f8ca931955a
1c10c810ebe6075
8aebd245adb0cede
e87a8163274a7e11
f6f665b1ef834a96
a3f2ac1a12823e0b
a8291d48db79ac65
a06d7f3906b242fe
9acffe6b427a4e0f
ea9fffc619813950
291b4477b16f9dfe
a810dec1f7e4acd2
a90a2ed41078580c
20671be40fd1f37e
8d79dcc9b2f4dac5
12906eeb9e4f6e64
5e44780af838df33
7ac9c052572f4993
3c76a96b9db50d41
a4266424640eaec6
76719d43695130c7
9ae7b8e853f5c0ed
d418a00670eed0bd
76af50e1e2155c6c
217b52b0aab9260c
8216d770833e74c0
b08df6a077a35f25
e3ceac56ca09db86
255b392bdac55359
a02b449b3b8ee05
7df3db6d0ea0fb4d
4710c7a54117e7fb
4ed3ecf214f8103f
a0287ecb88b34d46
b891887d062fe2ec
969a8a608dd1ed48
8f8daac3b03b29fe
c09e9ffc4536ef83
559699b693fdb75b
bfed7f54a34fca30
9af372b25dc9fa97
864cd8af5abbbba0
3929cc1bca05511d
6e8fb428569fa76b
844c3333bd7cb3e9
791855f771b61257
e1d48b90e01761e9
8bdb6c877dc343e3
a2cb37a19b49f0ee
c055a2f09e527d3
eba3e51405e0a287
4dbc40863ce7aed2
736f86be5117fe47
49172f59f29474df
2ebe52275f59b76a
92d252e7ec5299cd
66c4f45b8059742
257c04a957ea4dbe
f5c7058e052f368e
6e630760ce3de00c
ffce0e95ed290810
fe253ada5358a98e
754a50eebef31ea3
32d40de3c1e252ff
3446a2aec30f3b85
a0294d7af4c6a6c1
a2edc50fe236cbb7
b3a1788589acf959
5f0691224bcc589a
9ac3c6ff8c71f083
5c5857b5a75e9a52
e8cb71284a73a983
1a949948052173f5
773c3fefd05ac40c
b46b22790baa93e
915a98ff1e209f1c
b9683e7a54f7c0a
854958cd96acae39
2da5e8770fd60dd5
f821d53a66196791
6782e9020d7b3bd9
682a084b66bb22f2
4ac3c9de6591a25b
97c9ee0c38eff6bc
6846602e4989bd33
1faed0d071db8bf6
13428b633daead40
a81cd12176e07cbd
f8a8d8dc7308867d
a23c028ba285616c
85c14b47157d2f58
7fbadc237099c4bd
ab81f9d45e1a5cd7
69e8bfdbe4866037
31caf29e516b8661
b0c8bf698dcbf082
7622e2e2a6d5914
4d83d4d9979baa73
1e1247d06e9270de
d0f96ca6cc39c3c9
764d71fc38e20536
eaa5a6acbd27d7fa
4b347313852f1370
a825c2f2e01aff92
18f11e63045448c
ea152c41f41a6cce
e3ccce95edf0a8d7
fa37662af17f66ef
e4d11f3cd93a8ccb
1d3557347aba1480
1efcf808132e551f
64af0ab859c35a4d
208d5be5ff6ab32
28b2d95dd456e1ff
b2c44899e5af7dfa
676e01d7ef14d490
8a82c8e8e4e8c978
a4c5cdbde312eb6
99d514b75257eea2
5ef627d30b9a3710
a52336ad6130b62b
85eee4c89f2d591a
df99a60ab8eeec9d
e13d4347e3465e05
f4e4516a6ee18a09
1a1510a81c798934
1ea836b1e99aafa2
a9282ff54ce41fc9
68dd6c86bae60afb
48a44efa38b44c31
b8cb730dccdbcdf8
e8d8074560c2b67
88605ab1feb8d254
6f2eebe968efb702
1c9b43d34d7fe00
31490004ce0323f9
e4d3cc252c4484
f457b31dbf79fc9c
e1500de578fd77ed
d6877627d45a437d
174ea61d324447c7
2b06a96262993aa8
9fb1a2f591475505
4da5180350e2d9f5
7a5763a611bbd162
f6da916e93f06618
212c4e3cefa01ce7
c6b6d43fc1c90f25
2858f8998efab11c
a0063a0d334b9b02
3971c835f658089f
9a072d8e26fbfabd
b8dc7761da65d3c8
e7efdb878a57c83b
c4354084ce869477
18701a8b7e8fc214
bb4cb19c6da05587
c600940b61897892
2b75369b4b1c792a
e47cfad39a58efd9
936fd5da24628f73
23c2107c1a9b3c3b
b46e266d3831c410
500b6af840f4a5b8
f8ea9e8c611caf61
ddc25d4ff4e2da48
fc17fbee8e370893
68e2ea8b8f102b18
62961addf0ada79
55382c0bbf7dab48
a8350f976b76debd
4c3ba0ccd445c7e4
d5946adebc0b8736
a7034bc11f8c82ed
b695a7c0a3fc731d
1fa7b4b0bbad5bc5
d21942c8e5dbb89
1b5d90001986e34d
52d4cf72d67d7c54
ad9a2f6dbc0fca9
925a9fd352a3eacc
2d1f982fd87812b7
78907db2abb8030
3472c999137d6ed0
e5a98b906014c3ef
50e6409dc4a88526
c29a16acf7f958a2
43f34522269aa5ec
6074060cede14ab5
5801e3d9cd04623f
e539887a0fa8f31
62186568e36a7055
a740d9e2cbebb0d7
25c7bf9da1da0b66
fc5fbbe1bcf317e2
dc7150808884ec4d
e1d48a330cf8b948
bb225141765d6719
b7a358254c79370f
d5f954a57e5dae7e
701b5805f4ea1301
ddda272821c90ba2
17ba62d2ff80a2e3
81aa54b9e23e5423
89d058dbf909917f
27760fc34def862f
894c78de69634fdf
3a50cd918d6b64e4
bc591ee4c1ef6bde
dd1410e103b2b334
167b18b8a6cbccd3
58ccbdeea09c8dc2
332d3ea3a899ae20
88a2affafe73aef9
a92b2289df9b3150
f080f51a3934a2e3
78823b92a20704f3
eeb9cfcd1a5b4e1e
cc61790a24a9e4d4
5b81875b8039316e
dfcb5bc614d8d388
ec4070dcbadca264
69299da8042e2bd
da2e418551a501b6
21d607a87e0a55a7
84cd3f706ed15a6
ca0686cac41ae041
7617d6a5aab41ad
f47aee877d6c0632
c6496eec959c6dad
d394237e0b3caf43
577078dce4e8de6c
7b282bdeb5024698
54aa7dfb86a7884c
8537a1b44ba4bd44
10f3c41cee3be224
f2233684b4c93625
3008ea4cf5cf901e
22da40b7cb371f61
61fc23477cafcab8
7e06ef24e6290a91
bde98da80ed38faf
cde2616f64612769
95b4ea3b3cf2746a
48433322c9d70706
968062a800b1ffb0
cb0cb985fd8e9335
bac9bceae258de0d
d58e4a3a1721b5d8
b5a5c94d3699f4ca
f98224739e58266b
1af3a164fc97ab76
3837122ee665e03b
79a868d3c65d77dc
ac423c5dfddcabce
ccba81727f457186
32d3cb1a7d4b2a08
f8555902d467f57f
260265c161d1b0fe
6f32537e0f346b58
5484a1f318807645
21d218bee65f2f10
c49722865a85b1ff
2ede7f636e6b1658
459f9c23c2b97540
d9af0ed1b2c85909
fdf83261e1293440
71e18b7a2f1c0825
b8c6da03f00784b9
6ab5f67ad79266ac
ec87b5469a3e3081
84c7be56fb1d2469
bdebdc569f5e7cc0
3c7ee12fc3d9f1ce
53056212e44e70c4
88c9f23791fe609c
3f722e00297eb99e
2b7294025f2dc3d0
bd81217924a2ea50
a6c1aaa304212454
867afd6c29256f2
11873ee7483d3f61
3fec67fa44222084
adcc7764841f3f23
38d21128ff9fad2e
baff1be42ae4358e
6fdcb710ba4c9c89
b703ebb00bf843dd
fbb8c15f594700c0
4bac3586f21f71a2
7eb70d11e341ae75
c3383f66a84b7dda
98a9754fd8c5b4af
b9624bf214aabab
429b924484bd2352
964012fd76687d2f
b4aa5bd531b30ab0
99eee37ee49878e9
dc621c01404efdc2
295d9ce9c9331cbf
4829c14d52309209
aaff7aab6f183d11
e484e30f5258924c
defe8d60b8d5b828
88e3efabb1aa0c92
f1e762ceac642aa5
574722ab2947b750
57e3e3695aa1bf83
4d942302d22e855c
69f6aa4674bc60f7
a9749b4b9ba53ad1
c6bd8b7bf7c55ad
a5f4c8c1cf6038cd
636cac72c34a5076
537727475f3865a4
3a0c28ec13254602
5f3402ba0450bc51
87646fc0b1683c14
86e90e6a2c89d904
1f05783f1a1fa1e5
e190b143eaecb1d
543f0011cfe82876
894714efd298ec05
2d304643c561c295
6337aa398a4ea78d
15e508c2c6e75dd2
95993c33b3fd155a
c527178f57a0ffde
5945cb88f087cd5b
b3d49538222a3f35
d436c784f2c7afce
12fa44f5d2c1432d
c7cc8f3d99bf5c20
b1cd804d58fb499d
b725b916b2f8100b
d0d869c91fd88c18
9f0f859e896abf39
de2d41094a852df6
98476d9f630d8abc
2b97aecd93803558
1c868ceb58a78bd8
2a7a1a23eb680ffc
31cab4daa7b2795a
e816de067a057483
422c1e56a5c9560f
711f76a82f208e04
6e47922d9beb564c
67bd2e40373eddaf
89dc55e0fc38efde
fe7c010eeed64d4f
575840c8faf03062
8345caa420e95d92
67c6714841aed324
c89007dfc18e84c0
841701c3b0178db3
8c0a100b727606bd
85652b584628795a
cbbda115cb52bde3
3c9c60ff8444eec0
3fbf747f5ce3158c
21c49f2596c48bd8
4b2f35b0bb4afb0c
39252ea117b51c1e
13257e211c6b93c4
bb5893a3c98be164
b96124c1cf7dfc71
7c629a5b4dfa1a99
cfd356a0820bb2d5
f9d44ed9e20068a6
107f8e5adaf47be9
cbb1d35e613a9732
8f1db06a775b1654
3193debff7f04b9e
a7a6054594aea6ff
ad39b567fb555eed
d2934dec217c553b
7e580cd9181da052
44e5722ad91fbd04
f9b90754f6f005e2
52c05f1d71024d23
509dfd64ec78dc30
538d0d23d129ca4
bc39d19d917fd8e7
93b085c780d85b1
d11a535c40c7218b
c94815d56fb9fc79
dfe2e842a60c1fed
98d72eb23b0c0808
56adcbc4fb983d85
7af263666f43b446
d3b314fdfc6b1f2
baa4d9ec07623979
d3f7de453ad23509
b33892fb6f55fd82
d38a07179972e77b
2eb75ab674bffed
b982615232bafae1
c48df133dcbd0aa1
622d1430ef7595f2
e9616f122cde233c
6466bc92f5e152c5
b268f9e4398cf994
d69af37b20c9fb1a
9a34591659431c1d
1623bff978d49e47
1c7c2c485eca87fd
c0d5a3ff6654a051
44131f64fa173f28
8f1621c3dd8ae9e6
73c1f90d0cde6c22
3772949c329de7b1
296505216801338b
87813dc9a7c677cc
252a28bd8c02cf6d
e219fedbe90e47f8
5639cac69d68f72e
4f9f17e10d5af26c
98bf53e595aa7415
880d374a55e88d54
2d587dc12703fbb5
ef84d1ada32cdd9a
b22b3d622618b0a9
8da72059c247b8e0
dde7341622a81d45
ba5d51d0f983de31
fd201b9ddd5138e9
c08ee4a6e4df96ad
9e48fd3f9f6336d9
2441200f0fa35543
f8affa41f9f57d94
40275018bd5ef26e
1b6154486c354af5
2275b18a0518cd4b
c61746c26bfdb181
b92cf078419c8302
84e512f1dfa5f51b
53537751585bd70b
f3e99b2619e96bbb
9c5360c319e5dab0
39cb886d933f0266
a53343752be28b95
538d5ae25a275f16
6118a95f2a046e80
9bbc56d70593162d
58b6b44f894e2cba
8de34400dc4dc87f
589e64e35c39868d
5072522f65796f88
cf7fac356c45ff94
dfaaafd4005f51e1
4ac54f2784549838
cf195cb3c4ec35
6b953202fb8d3d46
e74b54c296f25373
90c935790fa1a78d
984f48d2d5ad0f5d
ba440030a7094617
ea73d8bee165facd
50dcef4be218fef0
92431aaca6948eba
37bd8907aaf2da7a
945070de02c7f57b
e2110d812037e571
3880d19d301db0c7
2c008c881e593283
9b05975327ff0aee
359af7e3e5748559
73b966a3438e0a51
31e3403c2ba7fe61
db7825767bf51810
c5517c7e3050944c
127764116ad4d91e
b12ddf4ebc226738
250626bdd7ac6c69
4fe2b580164820c
fe1d429dd9cf16a0
349fc51804e56199
128d2c72be68f8a6
68bfbd1b532d7c11
985da5a94aeabf2f
95fc9959b5ce40a0
6866ab0e789b217f
4970cd8b4da7ef65
e8ed0eb15f6d5617
47cd9668821fe189
9d93f08542a290b5
24a6e4888a1a6b95
c8cee9e2e0b8784
9fb33c0fb788d1e1
198b85dd0b164a1
25864053b1253908
42a56906f1a0551f
8c6503312217192f
7e88e764cdd33744
63433290c0474292
7c733202cd8cb348
7c3dced75f488278
837bab19f7c4dd59
16175bafad854ddf
8300dbe9949a6bb3
6759b24fa4290949
484374e9f160d9fe
12bb6e0bf6dc5916
6434e61fec33b3a5
5fb55b3e19f215db
246c043934e9bb07
60058eb61ca2eda6
fad3d56fc78d4c46
bf3f568c9d3fa362
4840de9a3c987f91
e37ba0a4bbff6063
c0888010493f1d9e
b1295189024474c9
dd3688ae7767823b
66b1e40ef2b8cfd5
58605e2c9b69ab42
3cdf5f4012276b1a
6be67a35fa9b9f1
7c420a80c4b7d75e
13ddf88efd43fa5c
7eec116996f6d17c
3f19c4c31351b19
5089b4705754929c
c411d15d385fcba6
9cc91ecafbbf2d77
f309b72387269144
f936e94f14304101
ca2f97d5f3e4efda
220a37e34f706387
d4d0feb3fb9987a0
a69a32522a512227
6173ce8135ae1cc2
ca1491272a41a169
9bc062d5a9c391c
401083d1444a72d4
bb2919bc2a88a003
3bd64137cc27464a
e7d5b16d00bfd882
bf43cbb4472b0e67
2bc0f23063518490
7263df7aff37f8cb
b6ad54aa29280336
a5eb9a4445137738
3c234a7c89f2cb5e
a796cd6a5ab125f2
f88dd91249865e38
c34964d358244c1a
17dc7fb4d1e7d291
9333c02bcb085169
40246ebd208a308f
a9a05246a4f44713
7e16eb2db91dd516
e8ac8ad7e1621391
328acafddfd9c89c
b94ee05735f18f4
ec82d0f2be76970c
c7c277df221494a5
7e80f861570561f0
a86c78deb42e105a
f5494c35388142ff
6fee0dfc768c615f
9ea5bd523998b17f
8b262b6fe12130d7
9edd63e13b2b3c3d
c65c8c5a092cb5ae
3b836fb6e5129572
db1ac99cea3d708d
312c97dcc453fcf4
6559bc0b32a35c45
f1f4dcc18de970e8
f6a72057b4edb2cf
539a2a57ba22e438
a97ccdc9cb96823
942dfb34152d34e9
2be89c57b3113ed3
e9f6729ca17ab304
9384693b048edaba
4ebb3c0904a6be90
7328cf142f9afbaf
7be32b129f23fb6f
533fd4678439d08f
10e4eb21344d7c3f
167d759016804d18
df9a71e2909876d5
acddc1cd1e2b5dd8
48ccd27554b65bb4
b06001bb11c843c
92f4f1ebbd1ad824
dc28f773700dc911
a081a685396e36cc
20d0116655b3f4e6
3fc2eef9a25d74ce
3ff87a9d9e3c9a8c
127aacdc60fcef50
d48eab6c53539596
b50222c14be06d54
cd60487363e8ed5b
3c89be9b16c37944
7a96a969d2d65163
48af145f438ceb97
6166bcc7b6344d3a
53dc0ff290b1aa17
2a7b28796636a085
7661533fbd01f832
c02afa4870669aa0
a6e37048bdca5943
4e3923248cf51ae3
39388c6c42a0a713
62ad4e3379bc1b00
4ebed98e395a82de
69dde5b9f90d7183
2fd083b644c432a7
6134ed028fccd31e
e92ddd786c2b8427
a6387177f0d84359
7415aa02a9447a73
80539567109bb8a
40cbc4ab08e058e4
f8c6887f0435dff1
a7d92110185d54a9
42a235eea9ed4573
3a7af8d481591642
7a20de50ec1b3639
e961550725599d3c
e50725c6e4bd4100
8532557919d5e91c
6d82c7ba9b0868f5
795c1203a7393cca
ff7fa4e2d5e3f1c1
a02b9a8ddba00216
756d3b5e774b3f70
8dd1d79b41f5865
cb215c4e7d886ab3
28a375e08b2b7cfe
bab527f409a772bb
45b38b8984a154f4
55eed143bbfefca1
7c5edd67d898867
8f623129bec8c21f
46d2a735e9ebad61
bbee1f6706b7e3a1
f22ef14d2bab12d2
d8328bfcaeafbbb2
b539e4ca1c12179f
9aaa8e2e8776e28b
92b940c5d468b610
5e6f590b0069dac5
4debf4b3dc66b8b2
ede6088ff1913f1c
e1e506c38d739f30
52e725b450b29d45
2d0c913673fe98dd
c5abc33e2bc74dd0
9b0d87b82923d71a
61c643a4756215e5
f784ef62053f70e7
55f6ef1c7b6d870a
d5e6ecfc03bf5053
bdd1c9f344ab7694
5b738224d2186f8b
dfa0eb2e3ee84a6f
1a5607ad2453f4f1
f6b95b234e42dabf
df9b35c5933b21e4
57896fcfc643b79f
35f2313483260b0f
af987c81bd33d277
faf37921184d7c58
40e18de85797977f
f3fb877bf1394ea0
dc5dcb02d16c64e0
93b8ccf19447b319
d3fe51c002d7e7c5
2220eb66b9609b75
65cc8fa944e1e298
5fd34d5a171084db
f71ab3c1becb0371
68f22764df56029a
97b395e9faccc97f
9015cc08815aa411
dccf751d2d458cad
fa961004acc82fc4
38573eb51e54e842
146fa11766b1adee
7eb312058568d859
4edef4a46ea3c959
bd42c80e685c62b9
bf7e02ad341f8b50
846670f623765e24
1ac9bd884adfdc14
f4646a7440315fa9
dd6d26ce9eef6e3f
1f38f28a691efb56
bdbc02472baaa4ae
75754262f3b5aaf2
e2a8c153cc3edd60
abb1d507b7a7d0a7
dfdde6a26d2250cd
16b462b439a7444b
af5f6ade8b4d4a14
fc71a58d0cf8321
d70f57a81a68d4c7
cd11b55484022b17
1e4018d81b2c804f
bd11d513c054bd06
40437a1ac081a689
dc44c8086e132d58
5c0b764fa29c5e31
b8d6c0e8122c7ac5
63bdddd01d6f20ae
d5d51dc016318b30
67088dcd397bcf79
9cebe4f0843ebb5
39cd340a7d131b84
f397c6c980c8bdba
6719eb492714f726
11f5005ebcbdd37e
85bea76045537a74
fe076b0508cb0a41
db4c84ddcd249d80
88928c060a1db519
3739006cfb4ec6e3
6c9488396a6e11bd
951f2dc3147ee3b9
c702b1f688f0522e
acc85406b871ea88
d5d9ecb78759e66a
c2dda70fc8d64b68
42b95f0fcfad046d
3451ab342299b031
a018c683380cb68a
61ab8cf8a4be6dfe
9296d04515d69078
681dca2bac1fe195
494113b002337604
21bdb4033be679a
c10e6e4e64b761da
a4f20d3903e47954
d21dae7b0de8190
6953aedbbbc15006
3f1417422b4df1a
a083fd8e5df2d194
fd5a8da7f4cf49bc
75eaab0f08d2f89c
c960f01d1a7620bf
934bb5a5d09d78ab
f77986a257ab902b
450709144efc5810
184be93bdbf608bb
d26d3d46f4b890e8
210e0fde3f0f7657
741ce66cd851186b
6aa89d78186ee27
459cb41fa90861a0
88ae57193963aeb7
c24c2038250db1a9
5d18719c85cc53ee
bdb413f2eaae88be
8f8770edddb1f3f
2fe8cec535bb926f
fbb592ee61806625
f120c7387aa0a0b9
f5d75050867f0c80
7d27700abbbb57e8
975051f8b6107fae
3360cf4b268c0cc1
1c80f147152f7c2e
993755900d4c0bc0
4d8e3f53fdf88365
61fbc5f6b2cd60fd
a99ebac4c40292f7
52943035b2a79f30
63f5f97b11c1626b
d8d9addf3a430a1
82fce4bbc02bcd71
30ee2ff8b5c81a5b
5be3eb90e02ce04d
ba7fa9fa0e1c2cf
ab8d437715e47eb0
ba3acf61c2bacdf0
bc882f64e2aae9e4
fc6c6ac9807d8275
9d4baa188ff9719a
a5a295ee6281478a
da309d2d07908a8d
9dfac1d69b5c5f4e
900711c555db9564
80eda09781a5e8f2
f971e784e623ebcb
1775771c653113a7
66726bd0945c870a
ff654faa1f099db3
a4448ace16ea99c0
6c51515dc9516cc4
d879e80f29766508
5ab868ed4be326b3
db73dadd68a72e60
1bde5ae55974ae81
82fa9f3706467936
485f1ab5928c8e32
555ea32a8b383712
e1dd1af7c262e2eb
78ccc6816301df29
c6603a5b6c39a386
29c32f2e4bc4099b
152b31d10154301b
84d28517775551cd
aad21dcb3bf7b7d6
cdc38703994f856b
6df01cdb561a0de2
76b909661279801d
4e3b82ab361e62d0
b76238588a7cde91
d945f332ccf8e8e6
6ce0580c05014aab
45af5cec417cc1d9
3a7ed5bab0421ec6
5d917110610c5459
1ab48e2b35f805ca
67b112b8cb0161a5
b2fe39cda251f292
3d16e9f8dbe0fba6
3565cbcb2dcf8017
7273a886fc6bcb94
6f9e5772249e6aa9
c1b0eb992649a0e3
dfd66fdc1211001f
96165e5b49983afb
1ed782b0cac23559
8ac87a6543159e4
ffee4cffc1d7ce1e
da2118f390216917
a0171125fbee41ed
e4af755f7655fbb9
59f6bb7fbd0a8f29
cd4793b81799bc96
b0a7f904e76a1d9f
972bff43e214c6b7
16d8b1dc4e6bb12c
c24ae827c6597ff2
5cb2dcb02ce375a
e77aeefae5b4d069
f4c7e0ba5c9a32c7
881ae95232dbc98f
552d1a107eb10b83
d1b5b3128c75a416
d97c195b2e220929
b69ed37e0254d7da
c91c32b82befaefb
a1a40c6667de4937
e77064f90ecc2284
dee9a1a66e76a59f
6de728d872702cf4
5f96a1156aeac1d6
d92feabf03ad6e5c
ce6847424efdf4f8
5501a48c02161941
9f4b2a59f20a1d0f
c54c640868882018
773d886a1cf046fe
dab4a9928f99f840
b806d6116af2b6a9
f7ba6d1295a9ce30
eb6c90db7396e647
d088b72e054682f9
b6b1b0771ba63b45
797c31f26a13f86f
9a77986fcc7ff9cb
5276d01f9acd7d10
3ed512b7c38a988f
f789fc45d48927d1
41fd54dd7c41bb62
964c15ac9ef11a55
6d526000edc707c2
49637de8e2bb7b45
654fc0302d51997
13920a65b0632dde
5bebd6d4c84aac2
693ac91a52e4dc01
c208360fa9d0b242
d5bad1f12a1ecca5
c834f3aaa81eecdb
e7c6458386497bd7
bd286ccdca4f75da
58e513253beee43b
3f8f290b39d8ffc
dd5c2d4b11043747
60e1fbf4b05a5f6e
4505a2c3bd96f73c
2bed2a5f6d7d0943
b557206985edfbac
f1d6633ab93f4ee3
899c5648b321525f
7260f7a8bc10fdfb
462731cfaa632dfb
25a1fbf0e6a190ee
744fccc3708796bb
6c78c836ad481044
d8ce762b347122bd
ef37238af9e9d250
cba7eae03e12de28
d0401233520d4155
d0736ca5e478f46f
9fde10330a8ad7d8
af32a2579d2ecfbb
7f2a8161c19168fc
6c3ef70abc49215b
5216a0cdc7cc3cb3
609692e8cd6b2ee4
6d83695675b31d81
216abedb11d0b150
f47d9e600d3503b8
da0666ceb156d79e
41154ddfccde2f54
6a28aeb1e4faeb3c
6462b9ba744cc22b
d964d5307771f616
ac5ce27fab941df5
b9ab17e0ef7a512
9a02e051c505c93c
418aef70baf782b9
bf348850bce1d2a
7ffed3cdfa82331e
98941054964cdb16
e38460fb1503cd4a
e795da2df648a408
412610c58b05f4d4
d700aef3ea1da690
74a89cce5707bb4b
809c33eca2521025
4215708c83e6a242
b7e639e1b85f8b07
ae550a730bc3cf79
2c21c169775ab742
138e7a796e87c3de
88d2d51e6197b8ab
237581db31db400c
c2e94711a168cc7c
53a47f9dd29454f
3d5b34d114aaa9b7
a8d8e8687d35f4f6
e204d18bc9379e69
3eb179fad3c7dc19
b20cf197d8077687
da70b06587aa76d4
2773bb2674eb829b
ed4eb198091a174
752e9e33e4444e04
65ed841c84031dc4
fe9ef667cd477421
76d0aadd33625fbd
8f2a17d65e830b2c
62b421ebb76b46dc
89260c72af803a46
5ee5aaa81abc1d0b
fe150a54e3f1229a
f8f8137b8f1ff660
86bf439a6ea6aeae
9eebf6f0f05854cc
74be211ad604b43c
6c2e63cffd175e2
ee7f57cb7d7fb586
257fabab4f04595a
b853c2a84c2bdb9c
857ff562f16078be
aef4f5194edd340
1dbd8bb5971ba711
50b57cea018e0824
7823d6947546ca05
9acddf9ee936379b
8252ba1dea229c7c
38d5808e20e2fc4f
b54307dc0d5aad9d
40aefb25ccfe8ff0
4fa04ec2be22e875
e9fe5e9b682daa02
4c79f99cb7364393
9462412881000bc0
ec2dc1b3f12cb616
43f298e5a5b2fde8
61c4a604bf237984
4e2578f6de4778ed
53ce61305954a43a
1052665a0dacb57b
3ca79cd88ac32ab9
d78c71af260eed34
376de918b94aa29c
63bf9aa2bc1a5724
800880bd8eb077d2
cf670e592e53484
2eb21965f72f2f26
c4980769c4773fdd
908edb6e2a9c1da3
c50b218d5a85d996
909385face034793
cddf0524cfe5e18e
84138340998a6fac
25d20fbe0de7865c
48813b583b7a4bd0
712d4691572626fa
5d3aa4a5c8948545
41aacfae259c5b95
cebfcbc7ce88e28
744d464ec67a68fd
ccc6978f5543f5fe
397d72be5a88527a
dc19795d7e2168e9
fea27cb9888ea342
dc9c69bd3f0f984e
aeeddcf0a2c7355d
4ac4517ae65062b2
5e5a42f15214e573
7748b0096de2029d
d34603a1bbdfe4b1
2587a00735b68d8f
c3e9b7d7496de757
438ff951e3bfeabb
6e47d734f6a6a53b
1b1f27b24b5c79cd
307c044036a5748a
628c1def2f360b27
77bcf1e7e2a29ca7
ba2b8637be5576ea
26f2e59ae60df5c7
b0ac053402002d2e
57acabd9772e1231
81c0d2ae45a9f3f2
4b3acdebe313b3e2
8cfe669f03ccd1f
e426f52fc3f4aaf
4bc71defbbb6fd26
c351480a26799da3
d964348eeacc9fba
12badfb5745f5224
1195a00b3daaf87a
c2cb897255b4ac2a
c91f9e8ebf779e3f
b86a1c5cbc664b48
bbd8436462c68c0e
5fcd5588fbd0f21d
131b9497e1a14d74
e6a44b309477858
36bff29907ad14cb
7c1b98acabf6b9bd
6e2084d7856151fa
f25483b20c3913cd
ad444a9bb07c267
d34892ab62bfec95
adf31fbb0d60d0d3
7d3d36987331c170
d0338cfd34fbbb21
d11970e3333b892b
f599e4f3f2ad4935
bfd52f94a023afaf
c95928c038e64e2d
418d7a6a95a5154e
3dc8ee5cf9771147
d593f1bf1a4c1509
a52580ce894a2d4
ec6334519b9a02e0
ba0b5d55de9ae499
5b909b1ba58d173f
66444d3d2537e59
c8e0759c17085064
e18e3608d5deff91
e31e1c5f4be4490d
58ce361b02872b25
40883c8ca8203d16
e04fb847f649ff44
46421f98c688fa8e
f634de4c6940e1d
b18e26a8bfbd5ec3
afb402d243086174
17d1d0479011eab
1bbe6b65f62c72ce
dbbcfd660611231a
692ec89b39d9eba4
d1906e46235799b6
ea1c43c08759bda2
6a35440a81eeba06
778f92a6400c3b98
5c3441c272081221
6603b0497372417d
6888fecf3404f78d
1be43f8cf9f81aba
f6a60194fcaef851
9f3c1e235e19fc94
f2f4f21d7dd59c2
f2a2e86438198dd3
827a30430df80545
9f59851737901f2b
3b203dbc640ad3ef
9f43e92083173aae
1944a9814f38dcea
e241fbf461489d2e
b4c5f56b332373b8
2931d92db254c04
c2e8c045fe9d8d77
2f27fc2c4b9c2f44
fbb031dc55c33acc
51447a4bebf488ae
87a2dcdb76714cba
523067d73c38608b
7422c8cdb08db875
f62721f8fe69b1c7
d410cceeef178460
3a2a0b1a7e9e5926
ac36c649bf91b885
e3ebb69cac1e5e87
52d397753d89e093
d26901b314d80a3c
3619dd643bd2a5e1
58aca9fb81162f16
6be5b4da634de2f1
6e4b201db8e6b2f6
410a7151e32ac15b
ad83070b60550c66
5165d5fc9c7c3dd7
8bde1ce71daba04e
209b7d35a3945f96
f1f1ca3301f2f87e
9abefcf9ca3420f0
7867d8f9dc129532
2bce48256a08204b
a88ccb4450769de8
e2b3697982ce847b
4b0cccab13452945
8c40f4892a2368e
e93abf77cccf2e94
5460f42398f9b9a4
3b80dee9e814a318
dd4c4860fb3be5a3
100944028283e6a2
c883535935bec75e
a3470bd8930ffa3a
4410981bb9181b31
ee20a7a7fef780a5
25194ca80f89fb08
cc4d59da4048985d
798f544b95d1a556
334b2e26fdb217e5
90e77be764007db7
62490d2dc77b46fe
bffb10300df8b027
826842c9c6c459e7
78da17f119efd7d4
f0a5838f3378e3db
fd6914e66fca820f
490b8a321bade186
94c1cfdd7ef18988
ad891faf936216a2
cb92d20148a60af1
96d3c80dd66ba887
550c5557794e9d99
2b1609a9cc277a99
c14b968234033b7a
79b7899ec4c09825
ef6113d35f019b5d
9eee9e9724e2125e
a46e5a05388e5d4b
ca74b88859feb06e
8b7a3efd0915052e
7df2a54e100ea3ff
b3f011b169f8560
22b0084e08407127
73bb373beaaaa77f
739cf9dd22af56a8
d20f7b04d584d39d
e6cde151902d171b
3974e0fc7ab4f79e
229b8d52b2996aa9
6f277b92c5ea0a04
86ccdb3a26839775
71213f8a149b80cc
dfc28f1f08542b36
5effbe8d412d8619
42bc17f32e9d09e3
894b96ee360f606c
7b8fe42d2452a4f2
9826da569c2ac02b
7589312868afdc1c
e1c3b650d9f8cdc9
faf76eef8cd2f209
2101eeccb4fd32da
e8f6c47c14ce847b
4353155040fa2d
35ae0b2b08da9a47
ee35ae3e5d928533
2f0b4211ad9fb729
6ae167dc6bedd2d7
f136c6cc68a8dae
49809769d480af5c
539a30d220ca6436
c726f58d9a4d5cab
e3b25903799e8b63
81f2959f35e36cc9
d34477ca6ca9389e
d8cb3f79c74cca
ea39c2be8c855217
ae7bab3bb5b5152b
4567ebc4d65e1d43
df961923752b83d6
eca6f0bdde37df07
91e754d5f42eccc4
9010f42b23684e13
e8ddef561d64024c
a9b5f41b0906325e
e71d31144cf754ce
f8813da391edffd9
b86a2a1212956342
1458f504b05515c
4a40bfba2005d337
ced35e8b2428fea3
ebab4fe6c5a14ce7
a4cbfe23fcfcb8b0
97dd0366b8674610
fd0cbece0589c0c0
1e2c361c766a7ca2
f187a56331a1ad97
2a0fb54bd686b57f
3786a3b011105f9f
802efe8f1206553a
c2d5305d80f0979e
ae31cebe69bda6e1
6e47d278808e926b
3bb6cb580de92fab
c39798ff70dd695f
3c3bb70f965d6dde
28cbda27cf6be388
a2b1e3972d764fe0
9801ea3384b0d8b8
ee7b7d6deac63fef
6c68d410cfbb2288
8c22fd6595b7d1e1
69472e546422cd18
4e3758a6e8115119
4f97842596292b79
f2d14631f79f063b
6a4d2c1270d291ea
46b3be77b6200fb8
b8b882a9e79ea903
6ea68dc7d3abfd1
6d845540634a10da
f210b164685a6569
710fab4490ed8fa8
823d370c6a1a557f
e8104f56c54e661b
be7be57fd64b9069
51917499f33ae56b
575e11760cf9b91e
8d957c554ea75deb
ac21d516c6fff3f
6f9ffdece4585c8
9edbc63d43f5f4dc
df98a5ff9ab72790
1bb49e0920010058
7551b3f7ac4566f0
deb938e751810017
c29af75b8e630ed4
47dfc142b7d20a4
6effc6792d02171a
f5c621206390474a
c4c0754252a9eab
ac64557c6d7d6818
27836db0ddf64529
71ebe075342dfc4a
1d5ffae46211becf
af81063b8e4b51d
680a14ff815c1494
5abf1a4e4cd09df0
292f1e156c0c5bd7
ff476304c390d32c
963bd71859884a46
936757a1255236a4
4d122b9f439928f1
d2ef2451b8369a05
f641d9d199e45639
20c24732340e074d
d68b1af7fedbf09e
5090bb6301d4e500
f69c6b4f34e47c06
b872e3138de9b4f4
bdfe390147696405
2dc1f320c617ab03
a50ee96ad0779f3d
d0622a061022af28
8ddb84ae19314668
bcb43d0f3b884f25
1ba382fc708cc7b8
84456b99cebd079d
5b4701a66c27e229
ae77a8eba8a470ee
8efbeacb1be83020
bc84d2551453d9ea
846abcac4886d08d
d67bf7ccbd6e5232
370368cfd215b637
d6372b94e6c401cd
3377d9645a8fbd67
de1f32adcf70d0c9
2df4e1dbb3f78ab0
b115e6b1b26878be
7d799b8c2b7619df
5e594f5fa69c55a9
ede129e7f06897ef
f3d4fdba6df16617
206793eb9253d856
2363011485f4ca6e
1ee0023f565a5f1c
5219a02ca93dd84a
ec5082287ca0e1fe
2e1268b6d9824f98
849f86e1b324ccb5
f35d730387d87c61
e1716393150fe835
493042d64562e981
943c83bf74b52b50
8b079aaa41f66698
b9ccc9b84f8ffe50
ee5a5a1556132cc7
b533771b9c9b8b64
6681ba6d8964f3f7
cccbdcf3a5b286a8
d8c7f250739d80cb
76652dbac4ef2e7d
fa264f97721c581d
642996bf94231dcb
299c8ef81b8da37a
1995af3750c8a7d8
8aa933052e6a6ebc
97d91d1b741afb13
864a65db5f58785
c54727cca66b562e
25085e5ea501fde2
8b714c6fca92cafe
695894216cebb727
7bbb73380305f099
2459226b4c3ae8c5
eafce84f6e7210fd
1bd9d265de3d8705
f7463db995b4212c
8e8172cdf8ea7430
12d7ac59105acb88
2f8be6cd1ada334b
4672a9f72b05b1e5
1ad04cd17526ab1c
9be46fe7d9b8ae9e
1f26ff96379f02a9
cf1175de314081fa
57af19c1862d7bec
479741539cf2b190
8ba0c71a92fdc697
fd5faac64b0c00c7
56f2505e638b767a
4107be3da424bd00
c2231e446c7a0e4
3f3348a582fbf384
51e988e8267782bc
a514685250beb49f
25947048f024c764
219f6c85d738daf0
fadb9c3015dc7831
dd521792f1d6293b
9796d4a8b250fb29
47930a6a69caaed8
d116db72803fc044
c6ad9c500d90d8c1
3fd339789a0d00af
3fb9f839836f34a8
337c5a79300a74a1
c827b9c28b3a48db
b4fc3c551113ac48
c4d42462c220c213
53bd93347f987852
6a8b381cfd55456f
6d58a15e4db9efa7
1f6324453cf53d70
923fe9934e0b7e3b
16aad709e11f044
df2153e15aeba530
f583bb84960304b0
88ba5d2076a74668
7fd614075ecd34f2
6dbb824c00845621
8e61239665bf62da
9ed4839cf510334d
be9e09bb9dc10180
ad8cb6004f40ddbd
c0fcc79ceefcd6
291aefed910eeec1
b15e785afde99d40
dde669bcb3fd42aa
696f7c9418b2cee
ba4c0a1bf330b287
aa86af0f2c15afd
a754a4fafb1efe69
336c72d1517884ff
4b757b83ea95006a
91595fc15ba4af2f
9665ec8a4f84d30
6bf50dca27f12353
98859ce14ed7d85
74d523493c1290cd
e1a40e228cb3e4b7
85da15be315ad90c
ff00688b86f1a1b4
8acfab39e92c14d8
1b9962c720ed89d1
dbff527e781596dd
730acd764b64a323
c8b82bcd3db0d8b4
6616d671e0591e1a
8edcfb30dca8a930
546f52621d04892f
1692b3c9495253ed
86ea309a7dfb80f1
b20eb967d0e9a06c
67fa46061ac693b4
762bb8d9db30921b
aa7676c63c972524
e33656b8836b49d
cca8e31b6527dbe5
4035f85d5fa7ac3c
44629ccf48ab0985
a297058a9bf9d9c3
d7c5ec6fb147b27e
b1e1e3b45cbe4227
fd0640c75446538
dd60043039e5a7a2
8ffd625b365dbcb
738f3350d1e63ae3
cc99eae2e78b616f
2f2d2f9f869f7c71
c28c2982b55dc61d
7ea468b51a0c3220
9013e6d5fb4706ba
a29acbde3b52400f
60a87a36de0a96b8
1be39e5b466247e
80de23f33081a3d1
5af89d9e81fcae31
e1372c5cbd9c0c00
c1c00724aad03e5a
79abcfa829a06df7
ce259ca898235ebd
36136de75b34c9fc
40c638a60a592d17
c3a7f27b41a3e160
f6534874f8c65384
cc8b17ca93e208cc
11ceae8f5265eeb6
8cf04de2d9ea13cd
4256704214e5758a
e3237aaa955d02ca
d5931f2861b3a8b8
f260d97fd6f065f0
4213040cd760ba38
cef0dfb98bec7b00
fcece4e813df3ad1
5175a8a3e80998de
2d1cc18a57197b53
9eadb820545cf9fb
56417260f1f70942
2550b8a51f67eed
71211d44621f668e
8b07541d66ee66ea
bcb70474e6811206
7212a80e347af785
efc583b4c778ec9f
b26126edfa3374f5
1dc0217a1fd3407f
d4a35697283245fb
b1282b29cde43753
730527688b82b44e
329dc5df3bd418ee
ec5f7d28908078c9
1aba56a9223365b5
ab8cb9214408a7c6
736f59275e276629
552245d982e96c00
ff9abcaa44b119d7
2e5d7984b99459bf
3dfc7ac624e8bc24
afb761183342c9be
1ece735939a2ae3f
936188e0870c5adc
364990774aadbb52
bec11ba2b069af5d
a6eb027d95cc5142
aef159c398752c2c
a25fbe9fb74a0d88
e2a974e2965a9b49
7f8b17151204b0
bd6052a87c4d9aa6
2ce70124fb167343
6cb0d04f7aca23c0
be71e89b89638acb
cd3a1f684dd45272
31e71cf59f54d4e3
4f276b5e8923ca98
57ef4d530f2f3f93
6913a751832d145c
40f5c3e52823b626
b245d019d7f462b1
da4f20dba82160a0
fa792ba5893374ff
9f507757e1d53fd3
525103d5d437fcd0
f3dd2cc9c5dfd38
e10fbe4062de5c58
223deb7b2827e0d7
8e0625701eb5468b
5e838fe8b8d05b22
f39d51329c8e2f37
8047a922db6cdb57
bf5793f99b86acd8
3f1aa829245ec9bf
364497e85f024805
4ddf0201b5282c07
7cb24e2e2fb4b889
55d08dacef0d7e6a
5e8e7a07a675c183
4bb903735cad98d1
a251ed43ffafca46
ac2c7b3578fb67af
6f50cdb848d087d5
94f0409625eee860
3c958d9ef69dd77e
d828dc8b6facf791
2e07e9243f7f148c
a837f33d7d680579
d6548a14007062ba
d4eaf7f7b5bd1497
40841ca20fc6d171
a182a161ba552d00
e2cc476058f32a61
992c3661f9497edc
6bfd2a9f70ad0e54
8533905298c1a5f6
5d9a3a322b52dd84
344471540a5ca15d
822fd370d135cfa5
f27f68dae1f9c075
fafdb29e9218b6ee
9e781bfa0b31dfab
2e0854ff2ef0f6eb
b7d32be0b3b95705
ddc07118f0724ff1
1765ba8116cdd373
b38fe697baccdd07
9f16c54196795ed4
7d9d47714d7df2c1
19ab67c4167e3599
b2bd11930f006d1
fa7cebb319328dd7
7e06d3abf4dd79d1
f2f04e555f069c5
5f4c66250665976b
ad8935a282940c84
f7caade4b004210e
265a98fd2e92efba
d315748ba517a6ab
33646bfda895bf5f
9ff7d166468a63c2
88976c639bea615
2b3fba9f31e8de12
a4e32efd5b61a2e9
87f27c79fbd2ce
7e44e95e50081c6c
44d1a3ab47eed728
4dcd870042848cc7
a56c25b0dc154cb8
64d103a00f69b7ef
da8456f44fb8b0b5
514727d5ac9f045a
ec5582bf13500bda
daf18e8faa1cf837
64ecc018d149c4f1
1d19d18780877e0d
f699ad1cb27d1911
3d5048d34c056869
12b711bf82c6ed4a
cf428e22981c0d6
68f3b8246fa3fc51
1f4f6074a42d79ad
6394ec1fbf7d5f7d
492bc8a56b4a720d
6e85b7e9fb9ccf10
29df5b46cb77036d
d29fe28739d25135
6421dc309ebbede4
588c9d1e5997884
c25798443bdca8c5
9765cbf6bd64a44b
d486a2aa01a360e0
c02253b2d99f6ebb
cf488fd7c29ed4a0
75344ad684d28988
b372d7e2b2d2fba9
6cfcba65e0ba4ca8
57d174bc099ddbbb
60e8446a0afe3be7
2ac4d6abc84eb8c8
f4961647b8c50176
6a29d373d606562b
d2f2a92da8936a7a
f202c0ba472327c3
3f1152b6b69a09b3
b48a50f51cc53302
44e98aed82fea8f
7a5283199371b3c5
d9dddec03814abd7
6a0ccba48d6bcc1d
a7ab19ec2cff4626
80829e64a59c0ae1
5b56fdb95a996e90
5684b04afc75c89a
cb5f34a77498505b
ee0c45e7e7793166
45e98335416d9d5d
6726aac2ee9875f2
4b3bd88f86d9ecc2
d47cfe481f3b85d
770b4d06a34091cc
8bb16db2e43dbfbe
f6ea3132e9de21e9
7d2e8f60928693ea
68926f9c2ee57a18
50317e2273b50446
8cfc292bc637787d
b5d851489a910431
a5e916d7fb63f5bc
80ed1a24676ba665
916a707bd4ec320c
50be4192b5e0bb02
7ab70c0cb2e36e72
f079a699844efa79
ffe8114192cf1809
203bd17ef0ac8e20
6b4cc72e42b2d83
9ff4ecb49f1ae144
4579f387a90eeb96
e08bed0d4d14f66a
bf53339880bc98e9
ebed133b5cc50d3e
16f0e312ac41c8f9
3915b7db9c81794f
ee8c45bf10d8a759
f50cc0420d3a3fa4
bc23ed2e05ebefc5
1478be6e8dbf2c82
dd96f647a5202829
7be01bdb22bfab40
115832cf09452e31
1bde7323d8dd12fe
532dd2eda21f9142
b1730bf2b8a9bbd3
e1a51be341cbb693
149c3bdfe59a0b88
4f6ab5f0475ad394
c0b38befcf9a252e
b307431cc3fb02ee
2a4ae2ea43e06916
6acbf9a18771b94
8a81592210e9bd75
c7daced8ce15f14b
225efd40321261dd
67c6c8fb912db2e1
9b8acaab4039d5a1
e5d7ce186e397ab5
d89aec1d09bf222
8c305c5c3344062f
16317fdacfa15586
a27f5566eacce879
9861a621e429c9ba
5e56d3a81b59a449
8821d0fadf2b006
5417c3722ca6e419
57bd37f67f7efe2
e07cc9a7c8629bf9
44e23ae5e587401a
c5ae188bf83e7b31
89b070635ba81ae8
c123fabda9edcd44
6735fdefd4e410fb
92d209e83da23034
5bb171d426d0fbc8
9716906176c2993c
f04b5c78a3def028
d52cd8dc16ee558e
20fe96f5e5dde4e2
183802d1ceb1e664
1e5ae38e32e2c3d1
ffd20807b90a0c25
635d044ff91df542
d17951a1a06c7d0f
b157cc0283003f0d
5e20b394db88ef78
7bee27929a02acba
7261e53aa41d70e1
72f6bf35bfd58914
3dad117e5662501e
bb39f59c3e5143b4
a07a0a7b5897d48f
76a50827a0fd5587
9be36f77a9343b67
5d411295527185fd
9c97f49420b9c649
b8a49e27d2f8eb6b
92948d0db5abcffa
90d4bdd01c5544b0
62ff23dc5c59ffa6
6882c6df69155964
2b84d313df306a8f
473d4a9535575c6d
b2635b2a2be7388c
4eb85e5f073a4bbd
1d65d5ab3198646c
9d3266ec0bec6692
4bc87251e6ab7f3f
d99a9854374e2695
cee251fab342eb8a
d5f4e676d7f9caa6
29b9bd3c91ed5ae8
3b35749ba483119e
288a16611123aed9
f10e15b0f9312511
47b58f74f98ff8e1
391f208a90459b96
95ac04ff049886f9
5c60d09cadb44e6d
105747d74da96332
ff17c54828ccfd78
7e35e0de28b8b9ff
e884ed7f1cd9e6f9
8e8c228e67834626
b3569bf9db556d62
c51c4201cf19c110
b7bce918d173be24
94b8528860ba5e87
6e2098af6f88203e
4ad737601a05e8c4
a62a745048fef9f8
255c504b411f90a7
b9cc188de47abde4
53354ee60534aaf7
a85209653dde99d7
24b0ae118cb2a0a3
d3bdb406d878f2c0
f762ae970a1af434
43e76f612310fd5
9d5a195bbe7f9eb9
d34fca08c6b0b9bb
9ae0563da18ea610
840cb8b028d54a3f
537899f88ce36077
81e3280d86264198
e33f5aa8a73402af
98b1c291e6c7d58d
d0becfeedd992df
5b8f02d60d832cbb
821df7716b57e8dc
52d454b918e8d249
55c99396107878e
7d5f6831982b1209
829c63b1c74c1011
7591c9f99cab18b7
9ced7f78a621889c
7f664c84b1dad45d
858357982f4c1e8f
7404f00c667d8b53
63b7d209368d98de
597df9ae5df34e36
be842da974271de2
e7647b6bbb5c205f
e96784879d823495
861f6e9ef8fe3001
4280ceb4163080dd
fb59b945883cbbf
700f617acfbbcffc
5101cf2a8d092b90
acb729cc2fe67860
a3af680e3d413fbd
4699578996d0c53d
1b3a92035e5c0f7
2f0439a86b58aaa
b6776f6115407f28
57edea047307b0f7
df4b64b8eceb46e8
4885bdc016939ad0
2fcc49ed42915033
cba82f6c7ea69a7b
588b5f18be42e160
37aae69e88cd416b
b935b3c38dcca8df
1db5ebbcdc291352
e6aabb0508c2550d
c4127221fbc8941f
2bde190db9bc40d6
a1739708738a8223
a04a72275b3b6d1c
e4eedc2061cd71d2
cb6338c128ec4e86
9aec56a31c5b1b24
a2cec1dee770967b
1970e6fe0ddfbd9d
5b6dc082b01e0b45
d51c21df755f98ae
36e8d33a1a04d59b
dab05381117294bb
3c2119d22d500184
973afe844d7dff95
5526b4893d69a66f
8d7391285432f5b3
589ad8a93996a44
550c068dcb9d7e53
244eec085871a87e
f037e8dce25ca3fb
d57a235137918a83
348e55c5c9629419
d1b1b8fb0c44f99
3b312a3c62f8b8bc
c68d2ce41a436d40
5e18b2630ab229a1
148352280b281659
f2ba13d0fc8d10e7
7b553011f482543
a18e07287e8f316c
7f914a486ef5d96d
d55532f2ecd99de3
6dfcafbd1b6346a7
5f065ae328a39100
1dc2714f4497eb34
e35c8ba7f4376b93
2e92037fc2fba9a8
ef42b0494f0d89c0
a892c31eef2e5278
b2361931fcfbf3bd
3e3d09195755016
fa2946e8649651bc
4fddf44eff08a0c9
24ae21d6e23c2c91
5d173aa4b002dcf2
83b6fe01da2c29a9
f96a189f29ee1f4
f9ff74ce7e63864c
ed1afa6923e3eeb1
aa5a6ad01c9cd33
5065aa79ee62192b
3f30d988dbfd2c52
dffab3e4fda4f702
f9d304610a406b8f
3f609805f4b976b3
8bf943ea038b678d
b312b569e56673a9
56d094cafc1c1067
858914cb7103a850
3a28004379ea5e67
3e294b87f3bd6480
b0faa65d636016ad
e512645a1a662caa
c20742c8593dda5
7cd700f8dc45ffe5
ffb239b9b1f6fa98
767914f953f0dc15
769a41478f5cf2f4
350a71544de4e434
32495dc88208b4e6
be16b05927358005
691fa2fb5e812e2b
27f7eb10bd4a6da6
b26aa457c2d6faa2
ef6d2024bb82f25e
8f3d1dba2fe3d358
d1989d6f46a6d5e3
55a17e61ebd49574
5231ca351857223d
7de0c999cf29b50c
23e46c4661b64456
9690c77460932093
b594b356944c1407
d646dfe7adeb2480
56798943dc898547
eaf27905fbd26ee2
7c6fa8a49a67d53d
908d1803ba5791c0
48307891dd645a1a
369eab8fa091ced7
bc946609f2b4b445
ff43f8b42a578d88
455edb4c3548934f
e0dd5b6fee663f9a
37858eea94d50d5f
e67409cd5a072291
e4eb26d0a539c5c
a133ce81e5799375
c6327636a2f9429b
9db48df5fa30e541
768bdba38488a0de
d2a8549c836f6864
c6cbd36c009acf42
a1ec85b6416030e1
6adef96dcc9951ae
3b6167a0d9e0a39a
758f572fecb49822
253c10c3590f616f
c7067081e562ec75
960d68884e5ee19
8f8fcd83e6a07d96
68854f4870328a78
649cf8fd625b9e47
45ac076e75211d0
e430b15d16da7ee9
6ffb4163f054dff1
4f8324fa1717e8b3
88f925c273fd42b6
ff2a6c08b7401eb
160eb1e1969e01be
a0744c12f659afd9
fb174783303b3c19
97c9b6fa43224483
b53e02e74d16f29d
ed997aad788d3c64
2d6c9a3065a69cb5
8ae4165f985976ad
8d1c8c887c48367
3a327a271afd67f8
34b0a5424aabdbb2
7d45d5eb7af5d4fa
f8d5115e307529d0
d2423b1e53587fcc
9f3f1b9dad2b137f
fd44f9112db451cd
7b906598e3d05f84
eee7254e4a103417
639fbf5e67fdd7fd
3cd69f71f146e0ef
ead617bc39b47167
a26f9946cef30989
92748452861e7230
9540e5bd34fb2f49
73b961840e0ce639
a5bb739ec880a33d
f785b5cf82d2ddd3
79cee9b686e3db77
f3ce1088363b05f2
738830b6fa0b0cb2
ee3901af8ee3ba0e
8eebdf07c294aeed
163d029296986694
3274808b4ae9e67a
baf2c1e4a03577c0
e8698eb68e0eb431
ab2aab87abb9fd9f
5debbc66483c9ce0
d8ab0bd733481fe6
eef0a770f89309d2
2042d1e1e76f1ca8
f97ef3dd14cfd854
9ba3c60ff498e880
ca12b71675855a44
6865d9a87f390748
68a7db0c9465cc7b
cc9410d859489784
a49ea81c4ed367c5
b90d86cc962cfaad
11e77a74e3ab08df
e03f882697938498
36a9ac4b86e851e3
3d03dc16a31c51e7
5ea5060256e202ba
73789c3ee6018370
aebbede645de556e
6a434d26f28ff73a
e46f7f56788a112b
205d86a4e81a1f7f
cac2c2f97ff49dcb
47defe38882416ef
590c4ad47bc95277
8449779cf39c9e36
616603ca0e4e5b37
2775df55ec5b45ad
db041f4782b05974
7ba3373946fc5ed2
17d6a26ff3bf9c73
ffcd2f91af1bf19d
7f246f6a5bb78a56
59993a7a2387f732
c012374e55844cab
b2982b28bdf906ab
3cde872cbb92031a
8c0555929adec193
a6907d5eac08f869
4cdcafd6d3ba610f
bc857bfbc63a97b9
2d16c57921ce5499
112724d6ddb4e8c8
79d51f3b2d31866c
c754c98ffc260ed
7653097c373cc1bb
6d5e5622fd0362a9
c3ce097760d3cebe
ceb54be29f5c19fc
857106bc48de7dbc
d5610717ab282b34
97255ee8f927b561
34d75d67442b3dc5
17a64905b38aba53
abd2d6ea7e17a566
cfe818708c06c7
cf1c246d98c1fe7
75f05db2532b6477
9553052740204479
a9348601a42c4c6c
24bf7937cac5f0aa
e16ac60ba23c2cac
f2ae1f703aea8e43
548afc0186a0f9e2
77515ad43f6fc033
a43ad76b1b09f7ad
d8a67e384e0e2758
d8a821f7a2957e45
6283660a2ece6a71
2a0e4f476564f7ad
4b483f82d49dc0f
8689dbe30f798416
e2400a870e05e04e
e441cb58ef635839
d0cdf6be4b8b9876
933030073b5b7fd8
3172409d578a566
4eaa9f60d98d8b7
4330719c956d1be1
e586302554059711
5ed36a6bd62a4e95
99f9651a1ffeac6c
123affbdd4f335e6
a8d142b9067ac363
c8b5f8473096c8fe
d0684ea73bb648d2
28a0b97c11858544
8bc27086a60562d6
42e1760fdc9c09af
ffb273df3360c89e
7e714e366f7f0745
f95cb98d02173ed0
39b9ca2eae427176
386e7f874bc3e36c
2541ab5fd37dacfe
93a8956a0a3993de
81e41307cb6de91f
7c46519168da93fb
dc1f12d9c70a8612
6c9058a9ddf89c18
23155ea52de21a5f
69cf2cc3a437410c
7f4e65eb2712cb7e
ce83fdaf6967fbf0
8e7fa853adee77c6
92bcaa31bb91786d
d3f891bf28cff299
1ba87b30265ecaaa
99ef8631516ad77c
7795169592d23ad9
d4aff17bc73f1a33
16c05eef1ab4ee99
ae31ad4a0ac536d6
277af5fca438e8c8
cd6733154c47a518
cb1be0326daa02f3
cf66dcfaf889fd3b
1173d21b4c25595c
5b94001884f31245
8afe63f2a5b79784
1da3f0ce23dee841
9e5294157271a141
9c0b4e4ce382b0df
766b489e5548f7d6
62f94e9b46ac482e
53a219f1a09826d6
c6b9b33e328f4e4b
be66ef7f71ff3791
b1fbeae3e149aa85
e9f5f5fedc569a48
2b5b450c094256a0
5b458ccfe14fce5b
39df0860c38ee722
6a2c6c1eaa95cf4b
a9d7e3919e6529f4
7b33fd64ecb4ac7b
c4d404ae9996cbb8
825b1696660fcd26
48f46e6cafaecdfa
b44b30cc58942e91
d6301b0861982a10
92fb9189200e0337
68e4105e97c34314
5d8b3014e3ed3d8b
ede8aa0a0c74ae94
1f88041fe30b5d97
bb4e0aeab235ea3d
9096c2cf5d5cf0dc
9050eb3ccab8c94a
bf4f51c6f88739f8
bcbd0bd89767eda6
c0de150b70c03b1d
3acbb38a49acc7e
68221fb08595a060
b6684c435721b53a
cb86b60226aebb79
325b049a46ccdaf6
a36b8dfd46eb2675
7748047eb6403a33
cd79f4cec93fbdbb
155d0d6465e598d3
69069dee129b2d68
485f27accc09e051
b52816e1898b210a
7893028e9d834c78
506baa4deb5cbe0e
92c42958cc53f1c4
1f1fe696bb35fa18
ed61d200d212a332
44c839eb91152d80
f15e88fb56233888
8538ccf4144940b8
b08f4deaac517823
3a923fca770a6af7
f32919a3de6608c0
5eaf5ac02326295e
c1ececc4cac1ef6
e5e9e4baf59b4b01
c68249642f5f5b60
817fbe0078799512
6279c5bb51319dc2
7a4376fee301a73d
4b3e7e8f5905590f
a309b9c2e28d82e1
c492972a58343941
7028bf504db7afce
c939a249dcdd4e0b
af84f69181dbcab5
c0bf7a0e0f963624
1f4155395c1dede1
659bd38eb294b4a9
8c230d18e8dc406f
508290863c94a681
ab3bc1b52150682b
ade81b5947bd041c
8471647f55646b6e
f65ed9c6fbd5687d
5f0861665e756cb4
da55adc269ddad8e
adf2b7d153fab185
1654e30d18a330fa
716ec65f6957819
457bdc76e40db5ab
85464fd57a79af86
32b5237cf0e73946
4ad5b4527b0cd474
6da024dad7686578
db03f6a321d3f58f
2448cad3ec46ca5c
a5ec9bd04f6e060a
41fa6f19fbc52e42
bac7fe619877e4d7
27b14d9a8e67f72e
d5a60591d84ddadc
ed96caf1e7727a96
30dd1b6fe08259b1
aa7464a7cd400d38
9eccbd249732ee3d
640ae79dc6191fe2
f0cc1a29e74f2826
5d8ae7e83403adb5
fe32c8a45a0f3755
50d443bb6c9e20ca
6b44ce9de656dec5
347b18ece7a311e2
b7d82b1419ea1ca8
ded036913e2558e3
e68c1a89aaf5ad9a
79199b953cd4cfac
e6cf675a73522d5
c3c4bf2e6a1865d7
de6d83e0fbdaef1a
4d3cead56c1b175d
166155748fc58a67
4225904be3fb956e
95eef84f98407699
3927f232883cea5a
8d1ba475a74f1acf
861cad35f678ee43
9f3c2bbd9124072a
46329266a510fce6
27551d154eddf3fe
ba06cfb07845a60f
89acc61268ebce2a
fa020a8bf73e088
6c0a62d4669f32d0
b22a2e41c42b5ee
1b5bd7856b0eeb64
44d0fd838f1149ed
74d14e1bb27d970f
8e977d34b9e9824a
2ff5f8c322ab9547
5686fbb58a1feafd
b7422325cba59798
6a567b0aa71f6237
205fc2cd78e67e5e
e26499175bb53d7c
8defda9eb63e2d2f
8d5eb4b8b213ccd0
2606a001be1f1b1b
1ea6276c6f74f706
a67c564e7316483f
cba37ac0021a1d53
afb0ed54c5f5179d
f82412eca7c768e5
5aaa8cd435e2f0b3
25db427f69499149
d39edd45dea1ee84
9495d327e01402ad
909369af05ec3f67
5584eb233877bf28
3c816fd7e936045b
d5bb49adfe267095
7866e378c43e6d7e
948fccde1d38fd49
7e1a93ae56c00903
158c0e7dc336a72e
e0ff2af752996925
cc8e481a67872462
7f6dc1e2e1eda1f0
b79ff3f8a21d2ae9
9e036f1a22a3decb
29ff8d7b0063527
5792fb858ac770da
4940930e970c9b07
18ecbd1f4e33c6bc
58ab6dc088a19786
e97a5ee062648003
ec072fd0c0913ea1
282891db579ed50
22d17bf7a478c4cd
465f54e1fa15e0cc
ce4af9979f78efff
5c3d9533f38cf1ef
12a020e9284a7885
7a9afbe64e51aa90
a9fbc54e52da20b2
55732a97053e64bd
ac2d8197823c2804
f9607dae9c9686e7
fa4f8fe48f134b4e
c99c745d3e2ccfc8
9fe284e702cc411
bab56c0d2d151e9f
3803fb582e0b8c8
37306d01179ae32d
2a7d4096275eb7
c82753c48d2a69
c5184a4fc932ab25
328fe47b2e6d6749
1a9ca0be7b529906
f5c1085c46dda33e
2a1ecde348b723f
dcf424aa0e4cd901
8a9addcd43df8b08
10739d2ef322b322
da63851b3ea57aa7
1fee1669396ccac0
76746725df21dd20
e70d036e8463855b
c957ec6913837f7d
c9f8d284baff7f5
1058a9eb3cb10a48
aa0129683227b68b
204e2f495fda5840
7631ae84ed865056
385f62736834eea6
433e698b31254f04
f2058aa096542289
16411e194fc600db
1797d65d18a516f4
5d15c65425d12106
f881b7706df2e2c0
2397317019eb812f
3ffcfc7225d6b407
e9b3dbee6f348fc4
b1ddb869acd0f40c
74468c5a72f2b274
49739ff01a9e1157
987d4a8a5ad37699
d7e1cb6773ce56c1
99a1871bf90f9b65
b4af205debbbd0b3
8d6254c9f63c81c9
669a30b3219d33f
46c9f5e288411da3
9adb266e74d1923d
265e481159d1676f
6eb3ee29c7b53e1b
6fa25bfb72359191
a8b3486b30264586
ea04202813bd0b54
c7a527363fd03dad
c76494de9b9676e4
5d6b0d97c955351
2876c0eef1b1dc96
f9164a924a1289c2
ffc8d4009adc1047
abbe17c590f50f1a
9a522e4b5aad1bca
c5077890f2673e90
cba075ca5ac4b698
346415f49e98106e
6b1a3a8ccfaac2ce
d9878540fc4157f
b33930e4a5e0f215
a8f95e6df3a5526e
c01c0aec5e56e791
cf4b3bf51907b2f9
1e0cc090ec3641e8
38b43f5cc3dd18de
36c866ac6faa0edd
619fdfde549f34b2
fd57d4bec8f5ee19
a98ca22dd501f2d6
8affb0a68d6a47a9
b686fd44b71c7e89
86c5f2fbd63f7ba6
35029dfdfc5d81f3
dc32b6e10a8eee80
ad9e22b8973bb9c2
6d241d3d73284a4c
6631b2d229fd27f7
fa64754f552760a4
141c1c66ffe673e9
222c4540ba83e67f
9f4805a91fe5e306
2492f70889a01a08
996eebf385b8594e
dc9179ad4266b232
2d43aba8eb2c3595
8557a2fac6e4169c
3f472341606cce9b
fe2f6b2cf2bab932
fa7cc38b3eb0115d
fce3cec468a73d9b
54603e6803994c
2dbaeb54743f8298
a1b81c064b4828db
ca7e9344a522f226
a41173163304894e
eba4b015fa7bbe24
966dada835f74ffb
df288ea84e5f1e54
3fe4abbaa9df5a46
7f4c2c5171b0304d
8ec28753722fe944
7ccc2d5996cac4c0
cedbe528af2e62c3
fb8a5fc5a86e2a2e
2f7bb585ad86052b
283d4277db7e26b2
ea6725dd8a088d57
50049552a9b6b58d
e86fcc84cf236372
ea8e3fd6908b010
84f447c76df72cea
d1f5a645edda81f3
befe58140ba40a0d
550358f85a47419c
5b82b881b592ac19
90bf40556950adb0
97247dbef492d092
9025a448adb656dd
f357c48cfbbcde85
9583f69a80addcda
ad99a27e90167eb7
290e1d909bc9fd13
7ba732a661390c63
12ac24cea10a7d77
5d6187bb07f2d2c4
b88454fff02b7c5f
efb6422b6cea7a5e
573641f909621582
411744eb79df4beb
3b26685bccf0f2ed
a0258ce006194906
b835d4f5a3dde795
1d6209d7e62ce63d
8c98d8b972ed136c
c548b9da1499fcf2
4806032a8469d635
9c1c5446eab6d8e
6d1dbae5a77b2d90
6fa552c63970ccbc
cb1f66e662fd4ca3
7d7a6ca212a6e159
c2462f7507b376e3
2bb49fcab55d6241
c52a6fb57ee162e0
a7bb6c2ef11513be
4ed65892d754882c
548c0a3537989745
803f10e86c81c3fc
cafc1890f767360
2d36798d835bdc1b
41a857c26563e31c
85898f8539fa25d6
2b318da03e3c747e
3f50c6929645c5e3
16e8aad24989a458
949d6f348d3f81fd
fdcd4acac5e884fe
1f549c3955cffc22
7f94f9c799334ea0
37e420a90c6ac3f0
78dbbbf875543e19
455ce188bac5b239
d8d8e69cf2d0f514
e889f4e09396067e
29d81026aa1460c1
c76e25e8112b00b5
8d99b64a89f7acf0
74a6b1c356ec0f1e
469e027d957d9dd8
ca6071ad0bc87b31
7d5dfb31d77e986a
b99e6e375c2d64ad
49eb1ebd58dbe597
4888ef7e214459d7
e88b2f3a5b841392
a2e500a52c33dbfe
7616806024ba40e6
99a38946904167d1
b1b04da7a928cc2d
c6879b1c7bf28c80
e02e8e8bd925811f
30ae03360219c72b
ab1a4d58f3a081bf
d9da2c043f9a293
cfe8da24bc97f493
c71ce41a97c55b2
6eb8d51b5a3756b6
65340d75be2d245a
bb8b2b375b307116
952d2e893ada4373
fa9bb76be38c5505
f03be1851c6ba28b
7dbd80cfe8d6d10
52d8ee57817f9ea2
e0fd3dc2435814cc
cda3facb4fd19b4d
69bea8c35cc0317f
ab474ac36db26211
f56d9678bb99ae20
4b34d729ba9b18a4
757cf1fcfbb08e4f
cf702706483f628e
baf203f4f618cf13
d583fcea516e015d
9651470762dcdc23
ce8225ce907d81e
f3bb9c17c90e952a
23102e4216c60da7
ee27225290dd773d
e3831328f019507a
920f4d5f0e5d1d0f
83359dcf6010a162
d54631cbd91679fe
5167594ad3f8ecc8
2eb67e11d55fcad9
508b694838e7956f
ecbfda4eaff44e4b
fe79e24a9ad4a816
e06f1831602088bf
75f6e02fa6c8f10
f5307e9e5c07e10a
131f7e655125579b
53a5f1d3abb9299b
487718f68a3b792
15f7e0df23a6bc41
4a63b87a3c6d8b17
23dd4e9e8e34b63c
8bd7c0c67a53b7a
193a592d86cc29f6
3cb6642ee1204450
78548049e875736c
ef4e6992d1f47d23
fca68825ff4801
4f525ee09066e7d
3a80a6af4e5f36cf
1d0f12cb17b13f35
bdc8239db226902e
160fb376eed452a9
bbac66b75e265ac5
507395cb82a5aed
6e99c5f9e431987
ccae7da476251d8b
c6b1bd5158c912d1
e0da454165dc2e1d
680724f3f54effcb
6362dada7085481b
f9025b492eea49f4
e2e7785d339f5cf
d4114bbd32ebd6d9
46fe59258c82c0f0
e9f1dc9cfe23ab35
d2b8403925f901f7
809f2a2b7912ab40
88c428584493e795
3381bc656a7a81ed
79d5c4d3862c5ce
31bda19cc5b64193
620b5b0d3f27d421
b3dfe7f90a37160d
71b075999fef9f36
5181f347428c32d6
59d5a8cefd049487
9cc69c700413146b
cfece42bb3887440
3a1ab19c7cac2ab2
888296415f51a61
73136882f9d7be11
275c476a48ef24e9
d93a9b843c46cbb5
312bab030f32234b
28d9b8c9550dcd57
2f438d9324f425d5
3979f2c8de302b91
c0f1c6a7b9ecd093
29616d903a72fdab
50910c69a9b18ea0
2586fa42d547b7fb
923eb20e5bb0becc
24fd9c3434a2cdb
3c9cec83ca0c975
2843e5fff7e42c3f
493d8bcc801a8a18
7df300d8d35775da
301987775b56d03f
6aa27735f14a8590
d68ef6e92c3bf825
202132322a5a7a71
a7330386a152e858
c35170b6656a4d87
c56289b3d17f9732
8c398ff1a2009a82
b1b41ff735d4fb6a
b623c96a51eb2806
92a0fcf6e104bc9b
16b3da04538db4f9
bb070300e833a1ce
f5ea7fb5e5e71a39
ba8ab26f4eedeab1
35041a2bf3e6cd13
50552837cd9f0590
617c32a0dce1d33a
fd82fbb74b767460
65cbceed8fffe4b2
f140a552b578201d
4a0707c36a6794f9
ad2ae415751627f5
27e7d570ff913a52
5de6e79c5c3e981b
ebbd807070dbd0d4
8256f8a9fb4430e2
6d822caaee68b4b1
3f94b459475f7451
7bdb18b5b295b7c7
f7124daad249a37a
8f71d44f90b41734
42118206dadbc359
ca48ecdf9fcf43b
fc5e471a256108f7
b21680298e90133e
eab1b08d2c297475
12ca961ca29b1e44
c8bd4d2c64977784
970bccda05de6969
ed4c9e4b5d048954
c1e63580166e0961
edbbc36a9c9dc960
ebc9a1311bac4b9b
15e289cc8097a035
5c3c946e707a4783
78498f0a97b8ae65
30e08b5bffcec46a
29f943574e0bbde5
b5f870365cfb1ce4
e943468d0206d47e
cc9271a85e1cb77f
c70afbbff926abb5
ca4a4338d419c9c3
b1bdf07a6873981d
ff23c5f6cb19d361
52a643446444abe
cae06cade5189990
a46715e3802477fd
3d5e8e2b27a2e3d
acc0c6ae5c89d858
aadb63e2391a4ddd
b5e2832501614fe4
55282520fce222cd
37fef14d2e242da8
948276a16eb8dfbc
ea2d1024855ec64
d3ae44e4c99bf040
24624b080ae4e1ac
17439a06ea1a62d3
b554d4481ed8ba00
750b232f33f12ae1
d15c0cfd5d3911a2
94e30dbbdc7b5774
aad9046fafff588f
a82f40db4056799a
9280337ae3420516
7ce11cf1b9bb2ebb
59ba66dd6a562a3f
334df701b50d7a4a
3420d9dcf92aebfe
499ba8ee4d7f40bd
3f93e8d30e455ab3
60c406995e38c2ed
aab1b78f2ccd742d
44f7dd0d98b1f35a
d95ae454f5785c56
89cf73baf97f3834
5a01ae378bd29ef3
2668db2ee0780c34
c71ec2f1b5d31d9a
8acaaa5bbd1608c5
3fc941552eb39243
755e866eb77a4b4f
63793be26ddad8e6
752ec183b8d40fd9
b24ac80bdf1ebdaa
1da2e9c991cfb8c1
1f10f0bd74235504
eb5fb769e2a0fe35
2a14d6c93231bae5
15fe065786cfce02
a110d7b02240b8c
11883c959e3a741b
8806bf03f6f71fe0
ae2452ba79dafbdf
a68f0e8095c6617a
aba3deec66cf2863
404a780fd0121b45
89407ae1a75e88cf
cafddb4d53ed574a
e5be877f05d0271f
9ecd36035c65d937
32600e1251a6b027
ce98e50fc87b4404
84a585d92f34be9e
82a649825a18326b
4483bbd4a12883d7
63e9cabcb038149b
57ef85bdea9de45a
6a1ba0c4f7614dd6
23e2ccd8c5280d0
e63b8ac50d04f4dc
da2f59f6090cefb5
5d4d371172b64a31
d60fabad296bf100
b449095bbd710ebe
3a1431862f282a6f
51bb7d552cdbd0dd
38d71de5476ac846
87a90dfb319c01f1
abe5d3a8859f4de5
6a54546ba007b69f
441e29a7e365e52d
a9364a862f19ecc9
c3d7d06a57343aa3
260e0a0828cd6f20
f424019ac004c8ee
6cd4cdd87e03fcbf
d0e53e83d562d127
5fb16028ae596e03
7ff2cdd8b641d186
88b361de5055d7ae
5315823707a4756a
3d22c433195ae25d
f23f537e919398fb
ce7788463c52bc3
f84769d7121f89e
f274e31fcd3b88d2
b4b1fa14dc3a1f0b
ae64ea429167b542
ec1e7872a64270c7
f8e85e1ad09e1ba5
6773e27b58e8be7d
4f09b6344cee9322
83bc80d83f927d2e
c87b95ae473fcdb
23b82c1fb758bd1b
52c0bbef981e9602
4a512be68fb0a890
fedec2824e27e7e
1c81133019b4f4f1
a43376b84f6e7644
65a5aaf4f8be1698
4b5a374f3d74075b
8cabfbd9937e182b
1ff04f40cb18d449
7457e7d24e9b6b52
9810e5e325af08c4
503171a5b1fb7f34
1f137c046cce4c5b
dfe893274304112b
6309aa77a4e6688d
64dc0478e52e480
b1c24838ff30b536
93bd29f5e08e509
c2a148c7717cdab3
e4f9341ab856a4ee
41317b84339f9bbc
a24d97ab44b30eda
65fbffd88377cbf5
f3def1b34f7e316d
ef4110a81a6f584d
86c4b9adace9035d
8df4fd90c8e18e08
96f253c8feb700b7
1bd29fa19fecd8e4
27da869c64711f7f
ef9b576e180d8a81
5f21d04f6fa26932
686a2a954fcc3f51
7775b9e3fccdbfa1
6f8a5108227428b3
5e31daaa7d45f8a9
1441c510c9e240a0
34c7eb0b8e0752d8
834c0a7a1176129c
ca81e1c3cf28b16a
9d911e7ebd44669b
1773d3ad827630e7
598481c16e545757
da13cbe80c7de97c
d12416eb524a1f4a
7f4b1521a8b89498
becc8fdfba0c0ce4
87240a445730e9d0
57a01b8b06935136
f4d7617b25530809
f57af51faea7c376
6b9c1e40223208f0
c95723cfb2f11c93
902c569a272a575f
74f9e9ab0d77765e
6a12596b1bda7e76
183323ee876ecd09
d32f34283d1f40d4
c527f43f54941022
111e4e23b4758e85
80aefb452877cb0b
ba14137dad865ffe
af44d6ce26feece8
62e99d1d9c9913b2
7d422efc6b63eb0a
a4c8abc7534b0f4
6d5f62adf6a576ed
14c372b3269ad14e
14030dc4b52d650a
a14b5a72b6b4c0c5
b1f438c6a10fcd92
c4ee05ad5956982c
5eadadb2f47ad831
938c86e8cba5de91
20bc33425d419bc0
670049c3852d0e03
14fbdde254f6bf1f
a2d04a4631883ce1
24ee7a41c36e539
f03f1606fd3776e5
3c2cacd3a667c962
e40d7c5fd91fbad8
db2246598ca72811
26bb501304303274
6b3b3ffc536b709c
d99dd254d394a2b4
a28e6e0e18b6c47
725d493abd5e5725
f267a3765c228d57
b9994258ff679d38
52c18ed196ddf198
239d95f21747fe2d
1113ae90b6bcca11
9c128586dca5a0ee
7d9dbf541f468fda
4067cdfd0355c408
c9659d5642f54ba8
464e2ef40104845b
bc58f2e0f070c614
676404c791d36384
a06b796d050b5b56
7d666f6028b44087
ae9268f88661422a
d7b135577ccca016
4a2a7af0a29b6172
87efadc3ed2cdc6b
bf02098f97d875d1
5b13b81dcc12d4d5
22f2ae0b0975bdf1
acb669e6e5c6f55a
11b6fb694ad0a76
63ff9a1d07426e14
58a64a2fcba22edb
9c242df7aa39a116
6806598292f6427c
961fc6e624b241f7
e84019864284cd6d
af8d6fa1d7efa582
796ab78f5a7facb3
5f9fd8bd86c5857b
6ea7f54183b6daa8
b0f519aee1cd923e
77a14c4dd8dcd096
26c6806530526b15
7402a65475c496e4
86fb8492661a6c11
c4d9ff51a88a77fe
dbbcc9cc61e575a8
2c4fa766fe493d7c
70437344f4ea4567
ec79f1a425244072
b1d6d8fbe951ef6f
97ca6c4eb5fa3fa8
469c1519ef3b1da7
76ea07bde9af9711
75b537f02632cb96
fae29efc425f4973
b9b42399d2eb6306
dc300a3a90a09414
3d2e153091229e4f
9e64c54042515bd0
957a3066392e2f7c
5e07572a397e4c62
1064dc21ee541216
70eba0b3bfe3a8f7
21f1d3863fb01805
f26b4523dcf46677
f1e60d007e7e67d6
72fe1ac1b10eeb3c
7311b6640360675a
48b7f6b33181ec55
67ed19a67252b1ab
90af1c0b270c6987
9567cc6b3cd5d2f5
ec034eeb647566ca
a690d55eff6cdc98
b9a01d5b5bf74193
2e2eb683f91c5c9f
dbd95aeec8724c4c
20335b1d0d553ab0
20211dad288db7c0
907043922c3c5c64
89de76774fcd03bf
c491681d29fd610a
17a7a4ce35a4f993
99fa5168bc237658
1f467901f0b48813
103a079b88e6b943
c4454cc5b35ad67b
cfbfa4407a169e72
ce14f1f50bd8fe0d
4ce8541429e6f705
954f3bae480af3ba
ed14d7674593f18b
fdef4d575a993076
ab6c8dae4dddd86c
1f521278fe448bb1
27d179a9b1788cac
5c8a9ca104198d59
1fdfa7141561c97b
555473db3fcdd8be
9ce793067f1360e
3dca01ee46ad8ef8
f7e6d75bebba0bb4
15ced5fc0fc13f0d
d2e60e3493fac5cf
4cf976a33d1383ec
a54502d45b74aa65
1d44944ee66f9e57
7d8e8803427e6aa4
da201970ce60eefe
4e527aa3534581c8
f937e76acc4ca99d
e2f6b6d8db85b90a
773cad8bace4c039
8bb60c3856325f47
a71d01a782fa317d
8d636dd92e59b6a5
16a6d37eb6c1936e
f338f2d0df08fdd7
fb2cfe0d760796a0
1996c830c44ec161
ab0002d38ad5ec35
b59e050a2c400e40
45211f2a3004b0d2
d12d9846f48a1eab
7cd349e61752b40b
890b356d6c561308
d4d12d5b1a43f647
bbbf9ee14f1d3e9f
c5719a7ff4efec52
d5084e97af34a977
370cdfa6178d6a70
930d72d729f1986c
63ad0554db64966f
ccdc4a8259d6186f
b4f9eeba0b0d8f56
63dffcb708dfdf17
639a32eb82e1b9af
e445f89900e60fb9
483923e32a9eac4c
3845d5370d95b72c
5492b5298d6d6dac
39189aa41e296c05
f5c168a96f57fab1
3ac3de3a988ee998
59e95afbad191de9
1a6749ca42671f0d
9a28264b9eafe688
